api_id,api_name,status,evidence,need_now,checked_at
SEOUL_OPEN_DATA,서울 열린데이터광장,KEY_AVAILABLE,변수 정의 확인·실제 값/호출 미확인,현재 필요,2026-08-27
KAKAO_MAP_JS,Kakao Map JavaScript,KEY_AVAILABLE,기존 보유 사용자 진술·현재 호출 미실행,현재 필요,2026-08-27
KAKAO_REST,Kakao Local/REST,KEY_AVAILABLE,기존 보유 사용자 진술·현재 호출 미실행,주소·좌표 보완 시 필요,2026-08-27
NAVER_MAP,Naver Maps,KEY_AVAILABLE,변수 정의 확인·현재 호출 미실행,대체 지도이므로 지금 필수 아님,2026-08-27
SGIS,SGIS DATA API,KEY_AVAILABLE,발급 완료 사용자 진술·현재 실행환경에 실제 값 없음,행정경계·통계 보조,2026-08-27
DATA_GO_KR,공공데이터포털,KEY_AVAILABLE,변수 정의 확인·서비스별 활용신청 미확인,건축물·상가정보 시 필요,2026-08-27
SBIZ365,소상공인365,APPLICATION_REQUIRED,키 변수 존재·서비스별 활용승인/명세 확인 필요,향후 상권 보조,2026-08-27
SBIZ_LEGACY,기존 SBIZ 계열,SPEC_CHECK_REQUIRED,NEXT_PUBLIC 변수 보유 사용자 진술·서비스 현행성 재확인,대체 여부 판단,2026-08-27
SEOUL_FILE_DOWNLOAD,서울 공식 파일 다운로드,READY,인증 불필요 파일 3종 실제 다운로드·파싱 확인,현재 사용,2026-08-27
