"market_id","gu","gu_code","name","submarkets_draft","core_stations","core_streets_nodes","market_type_labels","market_type_codes","core_consumers_hypothesis","bakery_priority","boundary_type","boundary_confidence","numeric_data_status","field_survey_required","checked_at"
"SEOUL-JONGNO-GWANGHWAMUN-JONGNO","종로구","JONGNO","광화문·종로권","광화문광장·청진동·종각·청계천 북측","광화문·종각","세종대로·종로·청계천로","대형 오피스형|관광형|환승거점형","OFFICE_LARGE|TOURISM|TRANSIT","직장인·공공기관 방문객·관광객","최상","프레임원 분석권역","D","미수집","true","2026-08-26"
"SEOUL-JONGNO-INSADONG-IKSEON","종로구","JONGNO","인사동·익선권","인사동길·익선동 한옥거리·종로3가 북측","안국·종로3가","인사동길·익선동 골목","관광형|외국인 관광형|골목상권형","TOURISM|FOREIGN|ALLEY","관광객·외국인·데이트 고객","최상","프레임원 분석권역","D","미수집","true","2026-08-26"
"SEOUL-JONGNO-SAMCHEONG-BUKCHON","종로구","JONGNO","삼청·북촌권","북촌한옥마을·삼청동길·안국동","안국","삼청로·북촌로","관광형|외국인 관광형|공원·산책형","TOURISM|FOREIGN|PARK","관광객·외국인·문화 목적 방문객","상","프레임원 분석권역","D","미수집","true","2026-08-26"
"SEOUL-JONGNO-DAEHANGNO","종로구","JONGNO","대학로권","혜화역·마로니에공원·성균관대 남측","혜화","대학로·동숭길","대학가형|공연문화형|먹자골목형","UNIVERSITY|CULTURE|DINING_CLUSTER","대학생·공연 관람객·청년층","상","프레임원 분석권역","D","미수집","true","2026-08-26"
"SEOUL-JONGNO-SEOCHEON-GYEONGBOK","종로구","JONGNO","서촌·경복궁권","경복궁 서측·통인시장·세종마을","경복궁","자하문로·옥인길·통인시장길","관광형|골목상권형|주거생활형","TOURISM|ALLEY|RESIDENTIAL","거주민·관광객·데이트 고객","상","프레임원 분석권역","D","미수집","true","2026-08-26"
"SEOUL-JONGNO-DONGDAEMUN-CHANGSIN","종로구","JONGNO","동대문·창신권","동대문역·창신동 봉제거리·흥인지문 북측","동대문·동묘앞","종로·창신길","전통시장형|산업형|역세권형","MARKET|INDUSTRIAL|TRANSIT","지역 거주민·관광객·도매 종사자","중","프레임원 분석권역","D","미수집","true","2026-08-26"
"SEOUL-JONGNO-BUAM-PYEONGCHANG","종로구","JONGNO","부암·평창권","부암동 주민센터·평창동 문화시설축","경복궁(버스 연계)","창의문로·평창문화로","주거생활형|공원·산책형|문화형","RESIDENTIAL|PARK|CULTURE","고소득 거주민·문화 목적 방문객·산책객","중상","프레임원 분석권역","D","미수집","true","2026-08-26"
"SEOUL-JUNG-MYEONGDONG","중구","JUNG","명동권","명동길·중앙로·을지로입구 남측","명동·을지로입구","명동길·남대문로","외국인 관광형|쇼핑형|대형 상업형","FOREIGN|MALL|COMMERCIAL_LARGE","외국인 관광객·쇼핑객·직장인","최상","프레임원 분석권역","D","미수집","true","2026-08-26"
"SEOUL-JUNG-EULJIRO","중구","JUNG","을지로권","을지로3가·세운상가·힙지로 골목","을지로3가·을지로4가","을지로·수표로·세운상가축","트렌드 목적형|산업형|야간형","TREND|INDUSTRIAL|NIGHT","직장인·청년 목적 방문객·제조업 종사자","최상","프레임원 분석권역","D","미수집","true","2026-08-26"
"SEOUL-JUNG-NAMDAEMUN","중구","JUNG","남대문권","남대문시장·회현역·숭례문","회현","남대문시장길·퇴계로","전통시장형|관광형|도매형","MARKET|TOURISM|WHOLESALE","상인·관광객·직장인","상","프레임원 분석권역","D","미수집","true","2026-08-26"
"SEOUL-JUNG-DONGDAEMUN-FASHION","중구","JUNG","동대문패션타운권","DDP·두타·평화시장·광희동","동대문역사문화공원·동대문","을지로·장충단로","쇼핑몰형|외국인 관광형|야간형","MALL|FOREIGN|NIGHT","관광객·도매상인·야간 방문객","상","프레임원 분석권역","D","미수집","true","2026-08-26"
"SEOUL-JUNG-SEOULSTN","중구","JUNG","서울역권","서울역 동측·서소문·만리동 연결축","서울역","세종대로·통일로·퇴계로","환승거점형|오피스형|관광형","TRANSIT|OFFICE_MIXED|TOURISM","철도 이용객·직장인·관광객","상","프레임원 분석권역","D","미수집","true","2026-08-26"
"SEOUL-JUNG-CITYHALL-BUKCHANG","중구","JUNG","시청·북창권","서울시청·덕수궁·북창동·무교동","시청","세종대로·무교로·북창동길","대형 오피스형|관광형|야간형","OFFICE_LARGE|TOURISM|NIGHT","직장인·관광객·회식 수요","상","프레임원 분석권역","D","미수집","true","2026-08-26"
"SEOUL-JUNG-SINDANG-YAKSU","중구","JUNG","신당·약수권","신당동 떡볶이타운·중앙시장·약수역","신당·약수","다산로·퇴계로","주거생활형|전통시장형|트렌드 목적형","RESIDENTIAL|MARKET|TREND","지역 거주민·젊은 목적 방문객·시장 이용객","상","프레임원 분석권역","D","미수집","true","2026-08-26"
"SEOUL-YONGSAN-ITAEWON","용산구","YONGSAN","이태원권","이태원역·세계음식거리·앤틱가구거리","이태원","이태원로·보광로","외국인 관광형|야간형|먹자골목형","FOREIGN|NIGHT|DINING_CLUSTER","외국인·관광객·야간 방문객·데이트 고객","최상","프레임원 분석권역","D","미수집","true","2026-08-26"
"SEOUL-YONGSAN-HANNAM","용산구","YONGSAN","한남권","한남오거리·한남동 카페거리·리움미술관 연결축","한강진","이태원로·독서당로","프리미엄 주거형|문화형|트렌드 목적형","PREMIUM_RESIDENTIAL|CULTURE|TREND","고소득 거주민·문화 목적 방문객·외국인","최상","프레임원 분석권역","D","미수집","true","2026-08-26"
"SEOUL-YONGSAN-HAEBANGCHON-GYEONGNIDAN","용산구","YONGSAN","해방촌·경리단권","신흥시장·해방촌오거리·경리단길","녹사평","소월로·신흥로·회나무로","골목상권형|관광형|공원·산책형","ALLEY|TOURISM|PARK","관광객·외국인·청년 거주민","상","프레임원 분석권역","D","미수집","true","2026-08-26"
"SEOUL-YONGSAN-YONGLIDAN-SINYONGSAN","용산구","YONGSAN","용리단길·신용산권","신용산역 동측·용리단길·삼각지역","신용산·삼각지","한강대로·한강로","트렌드 목적형|오피스형|골목상권형","TREND|OFFICE_MIXED|ALLEY","직장인·청년 목적 방문객·거주민","최상","프레임원 분석권역","D","미수집","true","2026-08-26"
"SEOUL-YONGSAN-YONGSANSTN","용산구","YONGSAN","용산역권","용산역·아이파크몰·전자상가","용산","한강대로·청파로","환승거점형|쇼핑몰형|오피스형","TRANSIT|MALL|OFFICE_MIXED","철도 이용객·쇼핑객·직장인","상","프레임원 분석권역","D","미수집","true","2026-08-26"
"SEOUL-YONGSAN-NAMYEONG-SOOKMYUNG","용산구","YONGSAN","남영·숙대권","남영역·숙대입구·숙명여대 정문","남영·숙대입구","한강대로·청파로","대학가형|오피스형|먹자골목형","UNIVERSITY|OFFICE_MIXED|DINING_CLUSTER","대학생·직장인·지역 거주민","상","프레임원 분석권역","D","미수집","true","2026-08-26"
"SEOUL-YONGSAN-HYOCHANG-HUAM","용산구","YONGSAN","효창·후암권","효창공원앞·후암시장·서울역 남부","효창공원앞·서울역","백범로·후암로","주거생활형|공원·산책형|역세권형","RESIDENTIAL|PARK|TRANSIT","거주민·산책객·철도 이용객","중상","프레임원 분석권역","D","미수집","true","2026-08-26"
"SEOUL-SEONGDONG-SEONGSU","성동구","SEONGDONG","성수권","연무장길·성수역 북측·성수역 남측·아뜰리에길·뚝섬 연결축","성수·뚝섬","연무장길·성수이로·아차산로","트렌드 목적형|오피스형|관광형|골목상권형","TREND|OFFICE_MIXED|TOURISM|ALLEY","직장인·관광객·목적 방문객·거주민","최상","프레임원 분석권역","D","미수집","true","2026-08-26"
"SEOUL-SEONGDONG-SEOULFOREST","성동구","SEONGDONG","서울숲권","서울숲·아크로서울포레스트·서울숲 카페거리","서울숲·뚝섬","서울숲2길·왕십리로","공원·산책형|프리미엄 주거형|관광형","PARK|PREMIUM_RESIDENTIAL|TOURISM","가족·데이트 고객·고소득 거주민·관광객","최상","프레임원 분석권역","D","미수집","true","2026-08-26"
"SEOUL-SEONGDONG-WANGSIMNI","성동구","SEONGDONG","왕십리권","왕십리역·비트플렉스·행당시장 연결축","왕십리","왕십리광장로·고산자로","환승거점형|쇼핑몰형|주거생활형","TRANSIT|MALL|RESIDENTIAL","환승객·대학생·거주민·직장인","상","프레임원 분석권역","D","미수집","true","2026-08-26"
"SEOUL-SEONGDONG-HAENGDANG-HANYANG","성동구","SEONGDONG","행당·한양대권","한양대 정문·행당시장·왕십리 남측","한양대·왕십리","왕십리로·마조로","대학가형|주거생활형|먹자골목형","UNIVERSITY|RESIDENTIAL|DINING_CLUSTER","대학생·교직원·거주민","상","프레임원 분석권역","D","미수집","true","2026-08-26"
"SEOUL-SEONGDONG-GEUMHO-OKSU","성동구","SEONGDONG","금호·옥수권","금호역·옥수역·독서당로 주거축","금호·옥수","독서당로·동호로","주거생활형|역세권형|한강·수변형","RESIDENTIAL|TRANSIT|WATERFRONT","고소득 거주민·가족·통근객","상","프레임원 분석권역","D","미수집","true","2026-08-26"
"SEOUL-SEONGDONG-MAJANG","성동구","SEONGDONG","마장권","마장축산물시장·마장역·청계천 북측","마장","마장로·고산자로","전통시장형|산업형|주거생활형","MARKET|INDUSTRIAL|RESIDENTIAL","시장 상인·식음 목적 방문객·거주민","중","프레임원 분석권역","D","미수집","true","2026-08-26"
"SEOUL-GWANGJIN-KONKUK","광진구","GWANGJIN","건대입구권","건대입구역·건대 맛의거리·커먼그라운드","건대입구","아차산로·동일로·능동로","대학가형|먹자골목형|야간형|쇼핑형","UNIVERSITY|DINING_CLUSTER|NIGHT|MALL","대학생·20대·야간 방문객·쇼핑객","최상","프레임원 분석권역","D","미수집","true","2026-08-26"
"SEOUL-GWANGJIN-GUI-GANGBYEON","광진구","GWANGJIN","구의·강변권","구의역·강변역·테크노마트·동서울터미널","구의·강변","아차산로·강변역로","환승거점형|쇼핑몰형|주거생활형","TRANSIT|MALL|RESIDENTIAL","터미널 이용객·직장인·거주민","상","프레임원 분석권역","D","미수집","true","2026-08-26"
"SEOUL-GWANGJIN-JAYANG","광진구","GWANGJIN","자양권","자양전통시장·뚝섬한강공원 연결 주거축","자양·건대입구","자양로·뚝섬로","주거생활형|전통시장형|한강·수변형","RESIDENTIAL|MARKET|WATERFRONT","거주민·가족·한강 이용객","상","프레임원 분석권역","D","미수집","true","2026-08-26"
"SEOUL-GWANGJIN-CHILDRENSPARK-SEJONG","광진구","GWANGJIN","어린이대공원·세종대권","어린이대공원·세종대·능동로","어린이대공원","능동로·광나루로","대학가형|공원·산책형|가족형","UNIVERSITY|PARK|FAMILY","대학생·가족·공원 방문객","상","프레임원 분석권역","D","미수집","true","2026-08-26"
"SEOUL-GWANGJIN-GUNJA-JUNGGOK","광진구","GWANGJIN","군자·중곡권","군자역·중곡제일시장·용마산 남측 생활권","군자·중곡","천호대로·능동로","역세권형|주거생활형|전통시장형","TRANSIT|RESIDENTIAL|MARKET","거주민·직장인·환승객","중상","프레임원 분석권역","D","미수집","true","2026-08-26"
"SEOUL-DONGDAEMUN-CHEONGNYANGNI","동대문구","DONGDAEMUN","청량리권","청량리역·롯데백화점·청량리시장","청량리","왕산로·홍릉로","환승거점형|전통시장형|쇼핑형","TRANSIT|MARKET|MALL","환승객·시장 이용객·거주민·고령층","상","프레임원 분석권역","D","미수집","true","2026-08-26"
"SEOUL-DONGDAEMUN-HOEGI-KYUNGHEE","동대문구","DONGDAEMUN","회기·경희대권","회기역·경희대 정문·경희대로","회기","회기로·경희대로","대학가형|의료형|먹자골목형","UNIVERSITY|MEDICAL|DINING_CLUSTER","대학생·교직원·병원 방문객","최상","프레임원 분석권역","D","미수집","true","2026-08-26"
"SEOUL-DONGDAEMUN-HUFS-IMUN","동대문구","DONGDAEMUN","외대앞·이문권","외대앞역·한국외대 정문·이문동","외대앞","이문로·휘경로","대학가형|외국인 생활형|주거생활형","UNIVERSITY|FOREIGN|RESIDENTIAL","대학생·외국인 학생·거주민","상","프레임원 분석권역","D","미수집","true","2026-08-26"
"SEOUL-DONGDAEMUN-JANGAN-DAPSIMNI","동대문구","DONGDAEMUN","장안·답십리권","장안동 사거리·답십리역·자동차부품상가축","장한평·답십리","천호대로·장한로","주거생활형|산업형|역세권형","RESIDENTIAL|INDUSTRIAL|TRANSIT","거주민·자동차산업 종사자·직장인","중상","프레임원 분석권역","D","미수집","true","2026-08-26"
"SEOUL-DONGDAEMUN-JEONNONG","동대문구","DONGDAEMUN","전농권","전농사거리·전농동 아파트단지·청량리 남측","청량리","전농로·답십리로","주거생활형|가족형","RESIDENTIAL|FAMILY","가족·거주민·통근객","상","프레임원 분석권역","D","미수집","true","2026-08-26"
"SEOUL-DONGDAEMUN-JEGI-YONGDU-SINSEOL","동대문구","DONGDAEMUN","제기·용두·신설권","경동시장·서울약령시장·신설동역","제기동·용두·신설동","왕산로·무학로","전통시장형|의료형|환승거점형","MARKET|MEDICAL|TRANSIT","시장 이용객·고령층·환승객","중상","프레임원 분석권역","D","미수집","true","2026-08-26"
"SEOUL-JUNGNANG-SANGBONG","중랑구","JUNGNANG","상봉권","상봉역·코스트코·상봉터미널 일대","상봉","망우로·상봉로","환승거점형|쇼핑형|주거생활형","TRANSIT|MALL|RESIDENTIAL","환승객·쇼핑객·거주민","상","프레임원 분석권역","D","미수집","true","2026-08-26"
"SEOUL-JUNGNANG-MANGU","중랑구","JUNGNANG","망우권","망우역·우림시장·망우로 생활축","망우","망우로·용마산로","주거생활형|전통시장형|역세권형","RESIDENTIAL|MARKET|TRANSIT","거주민·시장 이용객·통근객","중상","프레임원 분석권역","D","미수집","true","2026-08-26"
"SEOUL-JUNGNANG-MYEONMOK-SAGAJUNG","중랑구","JUNGNANG","면목·사가정권","사가정역·면목시장·용마산 서측","사가정·면목","사가정로·면목로","주거생활형|전통시장형|가족형","RESIDENTIAL|MARKET|FAMILY","거주민·가족·학생","상","프레임원 분석권역","D","미수집","true","2026-08-26"
"SEOUL-JUNGNANG-SINNAE","중랑구","JUNGNANG","신내권","신내역·신내지구·봉화산역 주거권","신내·봉화산","신내로·봉화산로","대단지 주거형|역세권형","APARTMENT|TRANSIT","가족·거주민·통근객","상","프레임원 분석권역","D","미수집","true","2026-08-26"
"SEOUL-JUNGNANG-JUNGHWA","중랑구","JUNGNANG","중화권","중화역·중랑천·태릉시장 생활권","중화","동일로·중랑천로","주거생활형|공원·산책형|역세권형","RESIDENTIAL|PARK|TRANSIT","거주민·산책객·통근객","중","프레임원 분석권역","D","미수집","true","2026-08-26"
"SEOUL-SEONGBUK-SUNGSHIN","성북구","SEONGBUK","성신여대권","성신여대입구역·성신여대 로데오·돈암시장","성신여대입구","동소문로·보문로","대학가형|쇼핑형|먹자골목형","UNIVERSITY|MALL|DINING_CLUSTER","대학생·20대 여성·거주민","최상","프레임원 분석권역","D","미수집","true","2026-08-26"
"SEOUL-SEONGBUK-ANAM-KOREAUNIV","성북구","SEONGBUK","안암·고대권","고려대 정문·안암역·고대병원","안암·고려대","안암로·개운사길","대학가형|의료형|주거생활형","UNIVERSITY|MEDICAL|RESIDENTIAL","대학생·교직원·병원 방문객","상","프레임원 분석권역","D","미수집","true","2026-08-26"
"SEOUL-SEONGBUK-GIREUM","성북구","SEONGBUK","길음권","길음역·길음뉴타운·미아사거리 남측","길음","동소문로·삼양로","대단지 주거형|가족형|역세권형","APARTMENT|FAMILY|TRANSIT","대단지 거주민·가족·학부모","상","프레임원 분석권역","D","미수집","true","2026-08-26"
"SEOUL-SEONGBUK-HANSUNG-SEONGBUK","성북구","SEONGBUK","한성대·성북동권","한성대입구역·성북동길·성곽길","한성대입구","성북로·동소문로","대학가형|문화형|공원·산책형","UNIVERSITY|CULTURE|PARK","대학생·문화 목적 방문객·거주민","상","프레임원 분석권역","D","미수집","true","2026-08-26"
"SEOUL-SEONGBUK-SEOKGYE-JANGWI","성북구","SEONGBUK","석계·장위권","석계역·장위뉴타운·돌곶이역","석계·돌곶이","화랑로·한천로","환승거점형|대단지 주거형","TRANSIT|APARTMENT","환승객·대단지 거주민·가족","상","프레임원 분석권역","D","미수집","true","2026-08-26"
"SEOUL-SEONGBUK-JEONGNEUNG","성북구","SEONGBUK","정릉권","정릉시장·국민대·북한산 입구","정릉","정릉로·보국문로","주거생활형|대학가형|공원·산책형","RESIDENTIAL|UNIVERSITY|PARK","거주민·대학생·등산객","중상","프레임원 분석권역","D","미수집","true","2026-08-26"
"SEOUL-GANGBUK-SUYU","강북구","GANGBUK","수유권","수유역·수유 먹자골목·강북구청","수유","도봉로·노해로","역세권형|먹자골목형|주거생활형","TRANSIT|DINING_CLUSTER|RESIDENTIAL","거주민·직장인·야간 방문객","상","프레임원 분석권역","D","미수집","true","2026-08-26"
"SEOUL-GANGBUK-MIASAGEORI","강북구","GANGBUK","미아사거리권","미아사거리역·롯데백화점·도봉로 교차축","미아사거리","도봉로·월계로","쇼핑형|역세권형|대단지 주거형","MALL|TRANSIT|APARTMENT","쇼핑객·대단지 거주민·환승객","상","프레임원 분석권역","D","미수집","true","2026-08-26"
"SEOUL-GANGBUK-MIA-BEON","강북구","GANGBUK","미아·번동권","미아역·번동사거리·북서울꿈의숲 서측","미아","도봉로·오현로","주거생활형|가족형|역세권형","RESIDENTIAL|FAMILY|TRANSIT","거주민·가족·통근객","중상","프레임원 분석권역","D","미수집","true","2026-08-26"
"SEOUL-GANGBUK-UI-BUKHANSAN","강북구","GANGBUK","우이·북한산권","북한산우이역·우이동 계곡·솔밭공원","북한산우이·솔밭공원","삼양로·우이동길","공원·산책형|관광형|목적방문형","PARK|TOURISM|DESTINATION","등산객·관광객·가족·거주민","상","프레임원 분석권역","D","미수집","true","2026-08-26"
"SEOUL-DOBONG-CHANGDONG","도봉구","DOBONG","창동권","창동역·창동민자역사 예정권·하나로마트축","창동","도봉로·노해로","환승거점형|대단지 주거형|개발거점형","TRANSIT|APARTMENT|DEVELOPMENT","환승객·거주민·공연 방문객 잠재수요","상","프레임원 분석권역","D","미수집","true","2026-08-26"
"SEOUL-DOBONG-SSANGMUN","도봉구","DOBONG","쌍문권","쌍문역·쌍리단길·도봉보건소 남측","쌍문","도봉로·노해로","주거생활형|골목상권형|역세권형","RESIDENTIAL|ALLEY|TRANSIT","거주민·청년층·통근객","상","프레임원 분석권역","D","미수집","true","2026-08-26"
"SEOUL-DOBONG-BANGHAK","도봉구","DOBONG","방학권","방학역·도깨비시장·도봉구청","방학","도봉로·방학로","주거생활형|전통시장형|가족형","RESIDENTIAL|MARKET|FAMILY","거주민·시장 이용객·가족","중상","프레임원 분석권역","D","미수집","true","2026-08-26"
"SEOUL-DOBONG-DOBONGSAN","도봉구","DOBONG","도봉산권","도봉산역·도봉산 등산로 입구","도봉산","도봉산길·도봉로","공원·산책형|관광형|역세권형","PARK|TOURISM|TRANSIT","등산객·주말 방문객·거주민","상","프레임원 분석권역","D","미수집","true","2026-08-26"
"SEOUL-NOWON-NOWONSTN","노원구","NOWON","노원역권","노원역·롯데백화점·문화의거리","노원","동일로·노해로","대형 역세권형|쇼핑형|야간형","TRANSIT|MALL|NIGHT","쇼핑객·청년층·거주민·야간 방문객","최상","프레임원 분석권역","D","미수집","true","2026-08-26"
"SEOUL-NOWON-GONGNEUNG","노원구","NOWON","공릉권","공릉역·공리단길·서울과기대","공릉","동일로·공릉로","대학가형|골목상권형|주거생활형","UNIVERSITY|ALLEY|RESIDENTIAL","대학생·청년 거주민·가족","상","프레임원 분석권역","D","미수집","true","2026-08-26"
"SEOUL-NOWON-JUNGGYE-ACADEMY","노원구","NOWON","중계은행사거리권","은행사거리 학원가·중계동 아파트단지","중계","한글비석로·덕릉로","학원가형|대단지 주거형|가족형","ACADEMY|APARTMENT|FAMILY","학생·학부모·가족","최상","프레임원 분석권역","D","미수집","true","2026-08-26"
"SEOUL-NOWON-TAEREUNG","노원구","NOWON","태릉입구권","태릉입구역·먹골역·묵동 생활축","태릉입구·먹골","동일로·화랑로","환승거점형|주거생활형","TRANSIT|RESIDENTIAL","환승객·거주민·직장인","중상","프레임원 분석권역","D","미수집","true","2026-08-26"
"SEOUL-NOWON-SANGGYE","노원구","NOWON","상계권","상계역·상계중앙시장·수락산 남측","상계","한글비석로·덕릉로","주거생활형|전통시장형|공원·산책형","RESIDENTIAL|MARKET|PARK","거주민·가족·등산객","중상","프레임원 분석권역","D","미수집","true","2026-08-26"
"SEOUL-NOWON-WOLGYE-KWANGWOON","노원구","NOWON","월계·광운대권","광운대역·월계동 아파트·석계역 북측","광운대·월계","광운로·석계로","대학가형|주거생활형|개발거점형","UNIVERSITY|RESIDENTIAL|DEVELOPMENT","대학생·거주민·환승객","상","프레임원 분석권역","D","미수집","true","2026-08-26"
"SEOUL-EUNPYEONG-YEONSINNAE","은평구","EUNPYEONG","연신내권","연신내역·로데오거리·연서시장","연신내","통일로·연서로","환승거점형|먹자골목형|전통시장형","TRANSIT|DINING_CLUSTER|MARKET","환승객·거주민·야간 방문객","최상","프레임원 분석권역","D","미수집","true","2026-08-26"
"SEOUL-EUNPYEONG-BULGWANG","은평구","EUNPYEONG","불광권","불광역·NC백화점·불광천 북측","불광","통일로·불광로","환승거점형|주거생활형|공원·산책형","TRANSIT|RESIDENTIAL|PARK","거주민·환승객·등산객","상","프레임원 분석권역","D","미수집","true","2026-08-26"
"SEOUL-EUNPYEONG-EUNGAM-SAEJEOL","은평구","EUNPYEONG","응암·새절권","응암오거리·새절역·불광천 카페축","새절·응암","증산로·응암로","주거생활형|공원·산책형|가족형","RESIDENTIAL|PARK|FAMILY","거주민·가족·산책객","상","프레임원 분석권역","D","미수집","true","2026-08-26"
"SEOUL-EUNPYEONG-GUPABAL-NEWTOWN","은평구","EUNPYEONG","구파발·은평뉴타운권","구파발역·롯데몰·은평뉴타운","구파발","통일로·진관로","대단지 주거형|쇼핑몰형|가족형","APARTMENT|MALL|FAMILY","대단지 거주민·가족·쇼핑객","최상","프레임원 분석권역","D","미수집","true","2026-08-26"
"SEOUL-EUNPYEONG-NOKBEON-SUSAEK","은평구","EUNPYEONG","녹번·수색권","녹번역·은평구청·수색역·DMC 서측","녹번·수색","통일로·수색로","주거생활형|오피스 연계형|역세권형","RESIDENTIAL|OFFICE_MIXED|TRANSIT","거주민·직장인·통근객","중상","프레임원 분석권역","D","미수집","true","2026-08-26"
"SEOUL-SEODAEMUN-SINCHON","서대문구","SEODAEMUN","신촌권","신촌역·연세로·신촌기차역 연결축","신촌","연세로·신촌로","대학가형|먹자골목형|의료형","UNIVERSITY|DINING_CLUSTER|MEDICAL","대학생·청년층·병원 방문객·야간 고객","최상","프레임원 분석권역","D","미수집","true","2026-08-26"
"SEOUL-SEODAEMUN-EWHA","서대문구","SEODAEMUN","이대권","이대역·이화여대 정문·대현문화공원","이대","이화여대길·신촌로","대학가형|쇼핑형|관광형","UNIVERSITY|MALL|TOURISM","대학생·여성 고객·관광객","상","프레임원 분석권역","D","미수집","true","2026-08-26"
"SEOUL-SEODAEMUN-YEONHUI","서대문구","SEODAEMUN","연희권","연희동 사러가 주변·연희맛로·연남 북측","홍대입구(버스 연계)","연희로·연희맛로","프리미엄 주거형|골목상권형|목적방문형","PREMIUM_RESIDENTIAL|ALLEY|DESTINATION","거주민·외식 목적 방문객·가족","최상","프레임원 분석권역","D","미수집","true","2026-08-26"
"SEOUL-SEODAEMUN-HONGJE","서대문구","SEODAEMUN","홍제권","홍제역·인왕시장·유진상가","홍제","통일로·세검정로","역세권형|전통시장형|주거생활형","TRANSIT|MARKET|RESIDENTIAL","거주민·시장 이용객·통근객","중상","프레임원 분석권역","D","미수집","true","2026-08-26"
"SEOUL-SEODAEMUN-GAJWA-NAMGAJWA","서대문구","SEODAEMUN","가좌·남가좌권","가좌역·명지대·DMC 북측 주거축","가좌","수색로·증가로","대학가형|주거생활형|오피스 연계형","UNIVERSITY|RESIDENTIAL|OFFICE_MIXED","대학생·거주민·가족","상","프레임원 분석권역","D","미수집","true","2026-08-26"
"SEOUL-SEODAEMUN-DONGNIMUN-YEONGCHEON","서대문구","SEODAEMUN","독립문·영천시장권","독립문역·서대문형무소·영천시장","독립문","통일로·영천시장길","관광형|전통시장형|주거생활형","TOURISM|MARKET|RESIDENTIAL","관광객·거주민·시장 이용객","상","프레임원 분석권역","D","미수집","true","2026-08-26"
"SEOUL-MAPO-HONGDAE","마포구","MAPO","홍대권","홍대입구역·걷고싶은거리·서교동 클럽거리","홍대입구","양화로·홍익로·어울마당로","외국인 관광형|대학가형|야간형|트렌드 목적형","FOREIGN|UNIVERSITY|NIGHT|TREND","관광객·외국인·대학생·야간 방문객","최상","프레임원 분석권역","D","미수집","true","2026-08-26"
"SEOUL-MAPO-YEONNAM","마포구","MAPO","연남권","연트럴파크·연남동 골목·동진시장","홍대입구","동교로·성미산로","관광형|골목상권형|공원·산책형","TOURISM|ALLEY|PARK","관광객·데이트 고객·청년 거주민","최상","프레임원 분석권역","D","미수집","true","2026-08-26"
"SEOUL-MAPO-HAPJEONG","마포구","MAPO","합정권","합정역·메세나폴리스·양화진","합정","양화로·독막로","역세권형|쇼핑몰형|오피스형","TRANSIT|MALL|OFFICE_MIXED","직장인·쇼핑객·공연 방문객·거주민","최상","프레임원 분석권역","D","미수집","true","2026-08-26"
"SEOUL-MAPO-MANGWON","마포구","MAPO","망원권","망원시장·망리단길·한강공원 연결축","망원","포은로·망원로","전통시장형|골목상권형|한강·수변형","MARKET|ALLEY|WATERFRONT","거주민·관광객·한강 이용객","최상","프레임원 분석권역","D","미수집","true","2026-08-26"
"SEOUL-MAPO-SANGSU","마포구","MAPO","상수권","상수역·홍대 서측·당인리 문화공간","상수","독막로·와우산로","대학가형|골목상권형|야간형","UNIVERSITY|ALLEY|NIGHT","대학생·문화 목적 방문객·야간 고객","상","프레임원 분석권역","D","미수집","true","2026-08-26"
"SEOUL-MAPO-GONGDEOK-MAPO","마포구","MAPO","공덕·마포권","공덕역·마포역·도화동 오피스축","공덕·마포","마포대로·백범로","대형 오피스형|환승거점형|주거복합형","OFFICE_LARGE|TRANSIT|OFFICE_MIXED","직장인·환승객·거주민","최상","프레임원 분석권역","D","미수집","true","2026-08-26"
"SEOUL-MAPO-DAEHEUNG-SOGANG","마포구","MAPO","대흥·서강대권","대흥역·서강대·광흥창역","대흥·광흥창","백범로·서강로","대학가형|주거생활형|오피스 연계형","UNIVERSITY|RESIDENTIAL|OFFICE_MIXED","대학생·직장인·거주민","상","프레임원 분석권역","D","미수집","true","2026-08-26"
"SEOUL-MAPO-SANGAM-DMC","마포구","MAPO","상암DMC권","디지털미디어시티·월드컵경기장·하늘공원","디지털미디어시티·월드컵경기장","월드컵북로·성암로","대형 오피스형|경기장형|공원·산책형","OFFICE_LARGE|EVENT_SPORTS|PARK","미디어 직장인·행사 방문객·가족","최상","프레임원 분석권역","D","미수집","true","2026-08-26"
"SEOUL-YANGCHEON-MOKDONG-OGEORI","양천구","YANGCHEON","목동오거리권","목동오거리·목동로데오·목동역","목동","목동로·신정중앙로","학원가형|주거생활형|먹자골목형","ACADEMY|RESIDENTIAL|DINING_CLUSTER","거주민·학부모·학생·직장인","상","프레임원 분석권역","D","미수집","true","2026-08-26"
"SEOUL-YANGCHEON-OMOKGYO","양천구","YANGCHEON","오목교권","오목교역·현대백화점·목동운동장 남측","오목교","목동동로·오목로","쇼핑몰형|오피스형|프리미엄 주거형","MALL|OFFICE_MIXED|PREMIUM_RESIDENTIAL","쇼핑객·직장인·고소득 거주민","최상","프레임원 분석권역","D","미수집","true","2026-08-26"
"SEOUL-YANGCHEON-MOKDONG-ACADEMY","양천구","YANGCHEON","목동학원가권","목동 학원가·파리공원·아파트단지","오목교(버스 연계)","목동서로·목동동로","학원가형|대단지 주거형|가족형","ACADEMY|APARTMENT|FAMILY","학생·학부모·가족","최상","프레임원 분석권역","D","미수집","true","2026-08-26"
"SEOUL-YANGCHEON-SINJEONGNEGEORI","양천구","YANGCHEON","신정네거리권","신정네거리역·신정시장·신정동 주거축","신정네거리","중앙로·신월로","주거생활형|전통시장형|역세권형","RESIDENTIAL|MARKET|TRANSIT","거주민·시장 이용객·가족","중상","프레임원 분석권역","D","미수집","true","2026-08-26"
"SEOUL-YANGCHEON-SINWOL","양천구","YANGCHEON","신월권","신월사거리·신영시장·서서울호수공원 연결축","까치산(버스 연계)","남부순환로·신월로","주거생활형|전통시장형|공원·산책형","RESIDENTIAL|MARKET|PARK","거주민·가족·공원 이용객","중상","프레임원 분석권역","D","미수집","true","2026-08-26"
"SEOUL-GANGSEO-MAGOK","강서구","GANGSEO","마곡권","마곡나루역·LG사이언스파크·서울식물원","마곡나루·마곡","마곡중앙로·공항대로","대형 오피스형|공원·산책형|주거복합형","OFFICE_LARGE|PARK|OFFICE_MIXED","직장인·전시 방문객·신규 거주민","최상","프레임원 분석권역","D","미수집","true","2026-08-26"
"SEOUL-GANGSEO-BALSAN","강서구","GANGSEO","발산권","발산역·마곡 업무지구 동측·NC백화점","발산","공항대로·강서로","오피스형|쇼핑형|의료형","OFFICE_MIXED|MALL|MEDICAL","직장인·쇼핑객·거주민·병원 방문객","상","프레임원 분석권역","D","미수집","true","2026-08-26"
"SEOUL-GANGSEO-GIMPOAIRPORT","강서구","GANGSEO","김포공항·롯데몰권","김포공항·롯데몰·공항시장","김포공항·송정","하늘길·공항대로","환승거점형|쇼핑몰형|관광형","TRANSIT|MALL|TOURISM","항공 이용객·쇼핑객·관광객","상","프레임원 분석권역","D","미수집","true","2026-08-26"
"SEOUL-GANGSEO-HWAGOK","강서구","GANGSEO","화곡권","화곡역·화곡본동시장·강서구청 남측","화곡","화곡로·강서로","주거생활형|전통시장형|역세권형","RESIDENTIAL|MARKET|TRANSIT","거주민·시장 이용객·통근객","상","프레임원 분석권역","D","미수집","true","2026-08-26"
"SEOUL-GANGSEO-KKACHISAN","강서구","GANGSEO","까치산권","까치산역·화곡8동 생활축","까치산","강서로·곰달래로","환승거점형|주거생활형|먹자골목형","TRANSIT|RESIDENTIAL|DINING_CLUSTER","환승객·거주민·야간 생활수요","상","프레임원 분석권역","D","미수집","true","2026-08-26"
"SEOUL-GANGSEO-DEUNGCHON-YEOMCHANG","강서구","GANGSEO","등촌·염창권","등촌역·염창역·증미역 업무·주거축","등촌·염창·증미","공항대로·양천로","오피스형|주거생활형|역세권형","OFFICE_MIXED|RESIDENTIAL|TRANSIT","직장인·거주민·통근객","중상","프레임원 분석권역","D","미수집","true","2026-08-26"
"SEOUL-GANGSEO-BANGHWA","강서구","GANGSEO","방화권","방화역·개화산역·방신시장","방화·개화산","금낭화로·방화대로","주거생활형|전통시장형|공항 연계형","RESIDENTIAL|MARKET|AIRPORT","거주민·공항 종사자·가족","중상","프레임원 분석권역","D","미수집","true","2026-08-26"
"SEOUL-GURO-GURODIGITAL","구로구","GURO","구로디지털단지권","구로디지털단지역·G밸리 동측·깔깔거리","구로디지털단지","디지털로·도림천로","산업·지식산업센터형|대형 오피스형|야간형","INDUSTRIAL|OFFICE_LARGE|NIGHT","IT·산업 직장인·통근객·야간 회식수요","최상","프레임원 분석권역","D","미수집","true","2026-08-26"
"SEOUL-GURO-SINDORIM","구로구","GURO","신도림권","신도림역·디큐브시티·테크노마트","신도림","경인로·새말로","환승거점형|쇼핑몰형|주거복합형","TRANSIT|MALL|OFFICE_MIXED","환승객·쇼핑객·직장인·거주민","최상","프레임원 분석권역","D","미수집","true","2026-08-26"
"SEOUL-GURO-GUROSTN","구로구","GURO","구로역권","구로역·AK플라자·구로시장","구로","경인로·구로중앙로","역세권형|쇼핑형|전통시장형","TRANSIT|MALL|MARKET","쇼핑객·시장 이용객·거주민","상","프레임원 분석권역","D","미수집","true","2026-08-26"
"SEOUL-GURO-GOCHEOK-GAEBONG","구로구","GURO","고척·개봉권","고척스카이돔·개봉역·고척시장","개봉","경인로·고척로","경기장형|주거생활형|전통시장형","EVENT_SPORTS|RESIDENTIAL|MARKET","경기 관람객·거주민·가족","상","프레임원 분석권역","D","미수집","true","2026-08-26"
"SEOUL-GURO-ORYU-ONSU","구로구","GURO","오류·온수권","오류동역·온수역·오류시장","오류동·온수","경인로·부일로","주거생활형|환승거점형|전통시장형","RESIDENTIAL|TRANSIT|MARKET","거주민·환승객·시장 이용객","중상","프레임원 분석권역","D","미수집","true","2026-08-26"
"SEOUL-GURO-CHEONWANG","구로구","GURO","천왕권","천왕역·천왕지구·항동지구 연결축","천왕","오리로·천왕로","대단지 주거형|가족형|공원 연계형","APARTMENT|FAMILY|PARK","신규 대단지 거주민·가족","상","프레임원 분석권역","D","미수집","true","2026-08-26"
"SEOUL-GEUMCHEON-GASANDIGITAL","금천구","GEUMCHEON","가산디지털단지권","가산디지털단지역·G밸리 서측·아울렛단지","가산디지털단지","디지털로·벚꽃로","산업·지식산업센터형|대형 오피스형|쇼핑형","INDUSTRIAL|OFFICE_LARGE|MALL","IT·제조 직장인·쇼핑객·통근객","최상","프레임원 분석권역","D","미수집","true","2026-08-26"
"SEOUL-GEUMCHEON-DOKSAN","금천구","GEUMCHEON","독산권","독산역·독산동 우시장·홈플러스축","독산","시흥대로·범안로","산업형|주거생활형|전통시장형","INDUSTRIAL|RESIDENTIAL|MARKET","거주민·산업 종사자·시장 이용객","상","프레임원 분석권역","D","미수집","true","2026-08-26"
"SEOUL-GEUMCHEON-SIHEUNG-SAGEORI","금천구","GEUMCHEON","시흥사거리권","시흥사거리·은행나무시장·금천구청 남측","금천구청(버스 연계)","시흥대로·금하로","주거생활형|전통시장형|생활거점형","RESIDENTIAL|MARKET|LOCAL_HUB","거주민·시장 이용객·가족","상","프레임원 분석권역","D","미수집","true","2026-08-26"
"SEOUL-GEUMCHEON-GEUMCHEONGU-OFFICE","금천구","GEUMCHEON","금천구청권","금천구청역·롯데캐슬 주거복합·안양천","금천구청","시흥대로·벚꽃로","주거복합형|공공업무형|공원·산책형","OFFICE_MIXED|PUBLIC_OFFICE|PARK","대단지 거주민·공공기관 방문객·산책객","중상","프레임원 분석권역","D","미수집","true","2026-08-26"
"SEOUL-YEONGDEUNGPO-YEOUIDO","영등포구","YEONGDEUNGPO","여의도권","여의도역·IFC·더현대서울·금융가·한강공원","여의도·여의나루","국제금융로·여의대로","대형 오피스형|쇼핑몰형|한강·수변형","OFFICE_LARGE|MALL|WATERFRONT","금융 직장인·쇼핑객·관광객·한강 이용객","최상","프레임원 분석권역","D","미수집","true","2026-08-26"
"SEOUL-YEONGDEUNGPO-YEONGDEUNGPOSTN","영등포구","YEONGDEUNGPO","영등포역·타임스퀘어권","영등포역·타임스퀘어·신세계백화점","영등포","영중로·경인로","환승거점형|쇼핑몰형|야간형","TRANSIT|MALL|NIGHT","철도 이용객·쇼핑객·직장인·야간 고객","최상","프레임원 분석권역","D","미수집","true","2026-08-26"
"SEOUL-YEONGDEUNGPO-MULLAE","영등포구","YEONGDEUNGPO","문래권","문래창작촌·문래역·철공소 골목","문래","도림로·문래로","산업형|문화형|트렌드 목적형","INDUSTRIAL|CULTURE|TREND","예술 목적 방문객·직장인·거주민","최상","프레임원 분석권역","D","미수집","true","2026-08-26"
"SEOUL-YEONGDEUNGPO-DANGSAN","영등포구","YEONGDEUNGPO","당산권","당산역·당산동 오피스·한강 연결축","당산","양평로·당산로","환승거점형|오피스형|주거생활형","TRANSIT|OFFICE_MIXED|RESIDENTIAL","환승객·직장인·거주민","상","프레임원 분석권역","D","미수집","true","2026-08-26"
"SEOUL-YEONGDEUNGPO-SEONYUDO-YANGPYEONG","영등포구","YEONGDEUNGPO","선유도·양평권","선유도공원·선유도역·양평동 업무축","선유도·양평","양평로·선유로","공원·산책형|오피스형|한강·수변형","PARK|OFFICE_MIXED|WATERFRONT","직장인·산책객·거주민","상","프레임원 분석권역","D","미수집","true","2026-08-26"
"SEOUL-YEONGDEUNGPO-SINGIL-DAERIM","영등포구","YEONGDEUNGPO","신길·대림권","신길뉴타운·대림역·대림중앙시장","신길·대림","도신로·도림로","대단지 주거형|외국인 생활형|전통시장형","APARTMENT|FOREIGN|MARKET","대단지 거주민·외국인 생활수요·시장 이용객","상","프레임원 분석권역","D","미수집","true","2026-08-26"
"SEOUL-YEONGDEUNGPO-YEONGDEUNGPO-MARKET","영등포구","YEONGDEUNGPO","영등포시장권","영등포시장·영등포로터리·국회대로 남측","영등포시장","영등포로·영중로","전통시장형|역세권형|생활거점형","MARKET|TRANSIT|LOCAL_HUB","시장 이용객·거주민·직장인","중상","프레임원 분석권역","D","미수집","true","2026-08-26"
"SEOUL-DONGJAK-SADANG","동작구","DONGJAK","사당권","사당역·남현동 먹자골목·관악산 북측","사당","남부순환로·동작대로","환승거점형|먹자골목형|공원·산책형","TRANSIT|DINING_CLUSTER|PARK","환승객·직장인·등산객·야간 고객","최상","프레임원 분석권역","D","미수집","true","2026-08-26"
"SEOUL-DONGJAK-ISU","동작구","DONGJAK","이수권","이수역·태평백화점·남성사계시장","이수·총신대입구","동작대로·사당로","환승거점형|주거생활형|전통시장형","TRANSIT|RESIDENTIAL|MARKET","거주민·환승객·시장 이용객","상","프레임원 분석권역","D","미수집","true","2026-08-26"
"SEOUL-DONGJAK-NORYANGJIN","동작구","DONGJAK","노량진권","노량진역·학원가·수산시장","노량진","노량진로·장승배기로","학원가형|전통시장형|환승거점형","ACADEMY|MARKET|TRANSIT","공시생·학생·시장 방문객·환승객","최상","프레임원 분석권역","D","미수집","true","2026-08-26"
"SEOUL-DONGJAK-HEUKSEOK","동작구","DONGJAK","흑석권","흑석역·중앙대·흑석시장","흑석","서달로·현충로","대학가형|의료형|주거생활형","UNIVERSITY|MEDICAL|RESIDENTIAL","대학생·병원 방문객·대단지 거주민","상","프레임원 분석권역","D","미수집","true","2026-08-26"
"SEOUL-DONGJAK-SANGDO","동작구","DONGJAK","상도권","상도역·장승배기역·숭실대","상도·숭실대입구","상도로·사당로","대학가형|주거생활형|역세권형","UNIVERSITY|RESIDENTIAL|TRANSIT","대학생·거주민·통근객","상","프레임원 분석권역","D","미수집","true","2026-08-26"
"SEOUL-DONGJAK-SINDAEBANG-BORAMAE","동작구","DONGJAK","신대방삼거리·보라매권","신대방삼거리·보라매공원·병원업무축","신대방삼거리·보라매","보라매로·상도로","의료형|오피스형|공원·산책형","MEDICAL|OFFICE_MIXED|PARK","병원 방문객·직장인·거주민·공원 이용객","상","프레임원 분석권역","D","미수집","true","2026-08-26"
"SEOUL-GWANAK-SILLIM","관악구","GWANAK","신림권","신림역·별빛거리·순대타운","신림","신림로·남부순환로","대형 역세권형|먹자골목형|야간형","TRANSIT|DINING_CLUSTER|NIGHT","청년 거주민·직장인·야간 방문객","최상","프레임원 분석권역","D","미수집","true","2026-08-26"
"SEOUL-GWANAK-SNU-SHAROSU","관악구","GWANAK","서울대입구·샤로수길권","서울대입구역·샤로수길·관악구청","서울대입구","관악로·남부순환로","대학가형|골목상권형|트렌드 목적형","UNIVERSITY|ALLEY|TREND","대학생·청년 거주민·데이트 고객","최상","프레임원 분석권역","D","미수집","true","2026-08-26"
"SEOUL-GWANAK-NAKSEONGDAE","관악구","GWANAK","낙성대권","낙성대역·인헌시장·낙성대공원","낙성대","남부순환로·낙성대로","주거생활형|대학가형|공원·산책형","RESIDENTIAL|UNIVERSITY|PARK","대학생·거주민·공원 이용객","상","프레임원 분석권역","D","미수집","true","2026-08-26"
"SEOUL-GWANAK-BONGCHEON","관악구","GWANAK","봉천권","봉천역·봉천제일시장·은천동 주거축","봉천","남부순환로·봉천로","주거생활형|전통시장형|역세권형","RESIDENTIAL|MARKET|TRANSIT","거주민·시장 이용객·통근객","중상","프레임원 분석권역","D","미수집","true","2026-08-26"
"SEOUL-GWANAK-DAEHAKDONG-GWANAKSAN","관악구","GWANAK","대학동·관악산입구권","서울대 정문·대학동 고시촌·관악산 입구","서울대벤처타운","신림로·관악산나들길","대학가형|학원가형|공원·산책형","UNIVERSITY|ACADEMY|PARK","학생·연구자·등산객·거주민","상","프레임원 분석권역","D","미수집","true","2026-08-26"
"SEOUL-GWANAK-SINDAEBANG-NANGOK","관악구","GWANAK","신대방·난곡권","신대방역·난곡사거리·도림천 남측","신대방","난곡로·신사로","주거생활형|산업 연계형|역세권형","RESIDENTIAL|INDUSTRIAL|TRANSIT","거주민·산업 직장인·통근객","중상","프레임원 분석권역","D","미수집","true","2026-08-26"
"SEOUL-SEOCHO-GANGNAMSTN-WEST","서초구","SEOCHO","강남역 서초권","강남역 서측·서초대로·강남대로 남단","강남","강남대로·서초대로","대형 오피스형|학원가형|야간형","OFFICE_LARGE|ACADEMY|NIGHT","직장인·학원 수요·쇼핑객·야간 고객","최상","프레임원 분석권역","D","미수집","true","2026-08-26"
"SEOUL-SEOCHO-GYODAE","서초구","SEOCHO","교대권","교대역·법조타운·먹자골목","교대","서초대로·반포대로","오피스형|학원가형|먹자골목형","OFFICE_MIXED|ACADEMY|DINING_CLUSTER","법조 직장인·학원생·거주민","상","프레임원 분석권역","D","미수집","true","2026-08-26"
"SEOUL-SEOCHO-SEOCHO","서초구","SEOCHO","서초권","서초역·예술의전당·법원 남측","서초","반포대로·서초대로","오피스형|공연문화형|주거생활형","OFFICE_MIXED|CULTURE|RESIDENTIAL","법조 직장인·공연 관람객·거주민","상","프레임원 분석권역","D","미수집","true","2026-08-26"
"SEOUL-SEOCHO-BANPO-EXPRESSTERMINAL","서초구","SEOCHO","반포·고속터미널권","고속터미널·센트럴시티·신세계강남·반포한강공원","고속터미널·신반포","신반포로·사평대로","환승거점형|백화점형|프리미엄 주거형","TRANSIT|MALL|PREMIUM_RESIDENTIAL","광역교통 이용객·쇼핑객·고소득 거주민","최상","프레임원 분석권역","D","미수집","true","2026-08-26"
"SEOUL-SEOCHO-JAMWON","서초구","SEOCHO","잠원권","잠원역·신사역 남측·한강공원","잠원","나루터로·신반포로","프리미엄 주거형|한강·수변형|역세권형","PREMIUM_RESIDENTIAL|WATERFRONT|TRANSIT","고소득 거주민·한강 이용객·통근객","상","프레임원 분석권역","D","미수집","true","2026-08-26"
"SEOUL-SEOCHO-BANGBAE-SEORAE","서초구","SEOCHO","방배·서래마을권","방배역·내방역·서래마을·카페골목","방배·내방","방배로·서래로","프리미엄 주거형|외국인 생활형|골목상권형","PREMIUM_RESIDENTIAL|FOREIGN|ALLEY","고소득 거주민·가족·외국인 생활수요","최상","프레임원 분석권역","D","미수집","true","2026-08-26"
"SEOUL-SEOCHO-YANGJAE","서초구","SEOCHO","양재권","양재역·양재시민의숲·AT센터·오피스축","양재·양재시민의숲","강남대로·양재천로","오피스형|공원·산책형|전시형","OFFICE_MIXED|PARK|EVENT_EXHIBITION","직장인·전시 방문객·가족·산책객","최상","프레임원 분석권역","D","미수집","true","2026-08-26"
"SEOUL-SEOCHO-NAEGOK-CHEONGGYESAN","서초구","SEOCHO","내곡·청계산입구권","청계산입구역·내곡지구·헌인릉","청계산입구","청계산로·헌릉로","공원·산책형|대단지 주거형|목적방문형","PARK|APARTMENT|DESTINATION","등산객·신규 거주민·가족","상","프레임원 분석권역","D","미수집","true","2026-08-26"
"SEOUL-GANGNAM-GANGNAMSTN","강남구","GANGNAM","강남역권","강남역 동측·테헤란로 초입·역삼동 먹자축","강남","강남대로·테헤란로","대형 오피스형|대형 역세권형|야간형","OFFICE_LARGE|TRANSIT|NIGHT","직장인·쇼핑객·학원생·야간 고객","최상","프레임원 분석권역","D","미수집","true","2026-08-26"
"SEOUL-GANGNAM-YEOKSAM-TEHERAN","강남구","GANGNAM","역삼·테헤란로권","역삼역·테헤란로 오피스·강남파이낸스센터","역삼","테헤란로·논현로","대형 오피스형|호텔형|업무거점형","OFFICE_LARGE|HOTEL|OFFICE_MIXED","대형 오피스 직장인·출장객","최상","프레임원 분석권역","D","미수집","true","2026-08-26"
"SEOUL-GANGNAM-SEOLLEUNG","강남구","GANGNAM","선릉권","선릉역·테헤란로 중부·선정릉 서측","선릉","테헤란로·선릉로","대형 오피스형|역세권형|야간형","OFFICE_LARGE|TRANSIT|NIGHT","직장인·전문직·회식수요","최상","프레임원 분석권역","D","미수집","true","2026-08-26"
"SEOUL-GANGNAM-SAMSUNG-COEX","강남구","GANGNAM","삼성·코엑스권","삼성역·코엑스·무역센터·봉은사","삼성·봉은사","영동대로·테헤란로","대형 오피스형|전시형|쇼핑몰형|외국인 관광형","OFFICE_LARGE|EVENT_EXHIBITION|MALL|FOREIGN","전시 방문객·외국인·직장인·쇼핑객","최상","프레임원 분석권역","D","미수집","true","2026-08-26"
"SEOUL-GANGNAM-CHEONGDAM","강남구","GANGNAM","청담권","청담사거리·명품거리·도산대로 동측","청담","도산대로·압구정로","프리미엄 주거형|럭셔리 쇼핑형|목적방문형","PREMIUM_RESIDENTIAL|LUXURY|DESTINATION","고소득 거주민·패션 목적 방문객·외국인","최상","프레임원 분석권역","D","미수집","true","2026-08-26"
"SEOUL-GANGNAM-APGUJEONG","강남구","GANGNAM","압구정권","압구정역·로데오거리·갤러리아","압구정·압구정로데오","압구정로·선릉로","프리미엄 주거형|트렌드 목적형|쇼핑형","PREMIUM_RESIDENTIAL|TREND|MALL","고소득 거주민·쇼핑객·데이트 고객","최상","프레임원 분석권역","D","미수집","true","2026-08-26"
"SEOUL-GANGNAM-SINSA-GAROSU","강남구","GANGNAM","신사·가로수길권","신사역·가로수길·세로수길","신사","도산대로·압구정로·가로수길","트렌드 목적형|관광형|골목상권형","TREND|TOURISM|ALLEY","관광객·패션 고객·데이트 고객·직장인","최상","프레임원 분석권역","D","미수집","true","2026-08-26"
"SEOUL-GANGNAM-NONHYEON","강남구","GANGNAM","논현권","논현역·영동시장·학동역 가구거리","논현·학동","강남대로·학동로","오피스형|전통시장형|야간형","OFFICE_MIXED|MARKET|NIGHT","직장인·시장 이용객·야간 고객","상","프레임원 분석권역","D","미수집","true","2026-08-26"
"SEOUL-GANGNAM-DAECHI-DOGOK","강남구","GANGNAM","대치·도곡권","대치동 학원가·도곡동 주거축·한티역","한티·대치","도곡로·남부순환로","학원가형|프리미엄 주거형|가족형","ACADEMY|PREMIUM_RESIDENTIAL|FAMILY","학생·학부모·고소득 거주민","최상","프레임원 분석권역","D","미수집","true","2026-08-26"
"SEOUL-GANGNAM-SUSEO-SEGOK","강남구","GANGNAM","수서·세곡권","수서역·SRT·세곡지구·대모산 남측","수서","광평로·밤고개로","환승거점형|대단지 주거형|개발거점형","TRANSIT|APARTMENT|DEVELOPMENT","광역교통 이용객·신규 거주민·직장인","상","프레임원 분석권역","D","미수집","true","2026-08-26"
"SEOUL-SONGPA-JAMSIL","송파구","SONGPA","잠실권","잠실역·롯데월드몰·롯데월드·잠실종합운동장 연결축","잠실","올림픽로·송파대로","쇼핑몰형|관광형|경기장형|환승거점형","MALL|TOURISM|EVENT_SPORTS|TRANSIT","쇼핑객·관광객·가족·직장인","최상","프레임원 분석권역","D","미수집","true","2026-08-26"
"SEOUL-SONGPA-SONGRIDAN","송파구","SONGPA","송리단길권","석촌호수 동호·송리단길·석촌역 북측","석촌·송파나루","백제고분로45길·오금로","골목상권형|공원·산책형|관광형","ALLEY|PARK|TOURISM","거주민·데이트 고객·관광객·가족","최상","프레임원 분석권역","D","미수집","true","2026-08-26"
"SEOUL-SONGPA-BANGI","송파구","SONGPA","방이권","방이먹자골목·몽촌토성역·올림픽공원 서측","몽촌토성·한성백제","오금로·위례성대로","먹자골목형|야간형|공원·산책형","DINING_CLUSTER|NIGHT|PARK","직장인·야간 방문객·공원 관람객","상","프레임원 분석권역","D","미수집","true","2026-08-26"
"SEOUL-SONGPA-MUNJEONG","송파구","SONGPA","문정권","문정법조단지·가든파이브·문정역","문정","송파대로·법원로","대형 오피스형|쇼핑몰형|주거복합형","OFFICE_LARGE|MALL|OFFICE_MIXED","법조 직장인·쇼핑객·거주민","최상","프레임원 분석권역","D","미수집","true","2026-08-26"
"SEOUL-SONGPA-GARAKMARKET","송파구","SONGPA","가락시장권","가락시장·가락몰·가락시장역","가락시장","송파대로·양재대로","대형 전통시장형|유통형|환승거점형","MARKET|RETAIL_LOGISTICS|TRANSIT","시장 종사자·외식 방문객·거주민","상","프레임원 분석권역","D","미수집","true","2026-08-26"
"SEOUL-SONGPA-SEOKCHON-SAMJEON","송파구","SONGPA","석촌·삼전권","석촌역·삼전역·백제고분로 생활축","석촌·삼전","백제고분로·삼학사로","주거생활형|역세권형|골목상권형","RESIDENTIAL|TRANSIT|ALLEY","거주민·직장인·데이트 고객","상","프레임원 분석권역","D","미수집","true","2026-08-26"
"SEOUL-SONGPA-OLYMPICPARK","송파구","SONGPA","올림픽공원권","올림픽공원·KSPO DOME·한성백제박물관","올림픽공원·한성백제","위례성대로·올림픽로","공원·산책형|공연문화형|관광형","PARK|CULTURE|TOURISM","공연 관람객·가족·운동객·관광객","최상","프레임원 분석권역","D","미수집","true","2026-08-26"
"SEOUL-SONGPA-WIRYE-SONGPA","송파구","SONGPA","위례송파권","위례신도시 송파권·장지천·위례광장","장지(버스 연계)","위례광장로·위례순환로","대단지 주거형|가족형|신도시형","APARTMENT|FAMILY|NEWTOWN","대단지 거주민·가족·학부모","최상","프레임원 분석권역","D","미수집","true","2026-08-26"
"SEOUL-SONGPA-GEOYEO-MACHEON","송파구","SONGPA","거여·마천권","거여역·마천중앙시장·위례 북측","거여·마천","오금로·마천로","주거생활형|전통시장형|대단지 주거형","RESIDENTIAL|MARKET|APARTMENT","거주민·시장 이용객·가족","상","프레임원 분석권역","D","미수집","true","2026-08-26"
"SEOUL-GANGDONG-CHEONHO","강동구","GANGDONG","천호권","천호역·현대백화점·로데오거리·한강공원 남측","천호","천호대로·구천면로","대형 역세권형|쇼핑형|야간형|한강·수변형","TRANSIT|MALL|NIGHT|WATERFRONT","쇼핑객·환승객·거주민·야간 고객","최상","프레임원 분석권역","D","미수집","true","2026-08-26"
"SEOUL-GANGDONG-GANGDONG-GILDONG","강동구","GANGDONG","강동·길동권","강동역·길동사거리·길동복조리시장","강동·길동","천호대로·양재대로","역세권형|주거생활형|전통시장형","TRANSIT|RESIDENTIAL|MARKET","직장인·거주민·시장 이용객","상","프레임원 분석권역","D","미수집","true","2026-08-26"
"SEOUL-GANGDONG-AMSA","강동구","GANGDONG","암사권","암사역·암사종합시장·선사유적지·한강","암사","올림픽로·고덕로","전통시장형|주거생활형|한강·수변형","MARKET|RESIDENTIAL|WATERFRONT","거주민·시장 이용객·가족·산책객","상","프레임원 분석권역","D","미수집","true","2026-08-26"
"SEOUL-GANGDONG-GODEOK-SANGIL","강동구","GANGDONG","고덕·상일권","고덕역·상일동역·고덕비즈밸리·대단지 아파트","고덕·상일동","고덕로·상일로","대단지 주거형|오피스형|가족형","APARTMENT|OFFICE_MIXED|FAMILY","대단지 거주민·직장인·가족","최상","프레임원 분석권역","D","미수집","true","2026-08-26"
"SEOUL-GANGDONG-DUNCHON","강동구","GANGDONG","둔촌권","둔촌동역·올림픽파크포레온·보훈병원","둔촌동·중앙보훈병원","양재대로·명일로","대단지 주거형|의료형|가족형","APARTMENT|MEDICAL|FAMILY","대단지 거주민·병원 방문객·가족","최상","프레임원 분석권역","D","미수집","true","2026-08-26"
"SEOUL-GANGDONG-MYEONGIL","강동구","GANGDONG","명일권","명일역·고덕전통시장·명일동 학원가","명일","고덕로·구천면로","학원가형|주거생활형|전통시장형","ACADEMY|RESIDENTIAL|MARKET","학생·학부모·거주민·시장 이용객","상","프레임원 분석권역","D","미수집","true","2026-08-26"
