market_id,adm_cd,adm_nm,overlap_ratio,relation_type,source_id,geometry_version,confidence
SEOUL-JONGNO-GWANGHWAMUN-JONGNO,11110530,사직동,,manual_review,SRC-SEOUL-OA-15560,SEOUL_ADMIN_DONG_SHP_2023-10-20,D
SEOUL-JONGNO-GWANGHWAMUN-JONGNO,11110615,종로1·2·3·4가동,,manual_review,SRC-SEOUL-OA-15560,SEOUL_ADMIN_DONG_SHP_2023-10-20,D
SEOUL-JONGNO-GWANGHWAMUN-JONGNO,11110630,종로5·6가동,,manual_review,SRC-SEOUL-OA-15560,SEOUL_ADMIN_DONG_SHP_2023-10-20,D
SEOUL-JONGNO-INSADONG-IKSEON,11110615,종로1·2·3·4가동,,manual_review,SRC-SEOUL-OA-15560,SEOUL_ADMIN_DONG_SHP_2023-10-20,C
SEOUL-JONGNO-INSADONG-IKSEON,11110600,가회동,,manual_review,SRC-SEOUL-OA-15560,SEOUL_ADMIN_DONG_SHP_2023-10-20,D
SEOUL-JONGNO-SAMCHEONG-BUKCHON,11110600,가회동,,manual_review,SRC-SEOUL-OA-15560,SEOUL_ADMIN_DONG_SHP_2023-10-20,C
SEOUL-JONGNO-SAMCHEONG-BUKCHON,11110540,삼청동,,manual_review,SRC-SEOUL-OA-15560,SEOUL_ADMIN_DONG_SHP_2023-10-20,D
SEOUL-JONGNO-DAEHANGNO,11110650,혜화동,,manual_review,SRC-SEOUL-OA-15560,SEOUL_ADMIN_DONG_SHP_2023-10-20,C
SEOUL-JONGNO-DAEHANGNO,11110640,이화동,,manual_review,SRC-SEOUL-OA-15560,SEOUL_ADMIN_DONG_SHP_2023-10-20,C
SEOUL-JONGNO-SEOCHON-GYEONGBOK,11110530,사직동,,manual_review,SRC-SEOUL-OA-15560,SEOUL_ADMIN_DONG_SHP_2023-10-20,C
SEOUL-JONGNO-SEOCHON-GYEONGBOK,11110515,청운효자동,,manual_review,SRC-SEOUL-OA-15560,SEOUL_ADMIN_DONG_SHP_2023-10-20,C
SEOUL-JONGNO-DONGDAEMUN-CHANGSIN,11110680,창신2동,,manual_review,SRC-SEOUL-OA-15560,SEOUL_ADMIN_DONG_SHP_2023-10-20,C
SEOUL-JONGNO-DONGDAEMUN-CHANGSIN,11110670,창신1동,,manual_review,SRC-SEOUL-OA-15560,SEOUL_ADMIN_DONG_SHP_2023-10-20,C
SEOUL-JONGNO-DONGDAEMUN-CHANGSIN,11110710,숭인2동,,manual_review,SRC-SEOUL-OA-15560,SEOUL_ADMIN_DONG_SHP_2023-10-20,D
SEOUL-JONGNO-DONGDAEMUN-CHANGSIN,11110630,종로5·6가동,,manual_review,SRC-SEOUL-OA-15560,SEOUL_ADMIN_DONG_SHP_2023-10-20,D
SEOUL-JONGNO-BUAM-PYEONGCHANG,11110550,부암동,,manual_review,SRC-SEOUL-OA-15560,SEOUL_ADMIN_DONG_SHP_2023-10-20,C
SEOUL-JONGNO-BUAM-PYEONGCHANG,11110560,평창동,,manual_review,SRC-SEOUL-OA-15560,SEOUL_ADMIN_DONG_SHP_2023-10-20,C
SEOUL-JONGNO-BUAM-PYEONGCHANG,11110650,혜화동,,manual_review,SRC-SEOUL-OA-15560,SEOUL_ADMIN_DONG_SHP_2023-10-20,C
SEOUL-JONGNO-BUAM-PYEONGCHANG,11110670,창신1동,,manual_review,SRC-SEOUL-OA-15560,SEOUL_ADMIN_DONG_SHP_2023-10-20,C
SEOUL-JONGNO-BUAM-PYEONGCHANG,11110530,사직동,,manual_review,SRC-SEOUL-OA-15560,SEOUL_ADMIN_DONG_SHP_2023-10-20,D
SEOUL-JUNG-MYEONGDONG,11140550,명동,,manual_review,SRC-SEOUL-OA-15560,SEOUL_ADMIN_DONG_SHP_2023-10-20,C
SEOUL-JUNG-MYEONGDONG,11140520,소공동,,manual_review,SRC-SEOUL-OA-15560,SEOUL_ADMIN_DONG_SHP_2023-10-20,D
SEOUL-JUNG-EULJIRO,11140605,을지로동,,manual_review,SRC-SEOUL-OA-15560,SEOUL_ADMIN_DONG_SHP_2023-10-20,C
SEOUL-JUNG-EULJIRO,11140550,명동,,manual_review,SRC-SEOUL-OA-15560,SEOUL_ADMIN_DONG_SHP_2023-10-20,D
SEOUL-JUNG-NAMDAEMUN,11140540,회현동,,manual_review,SRC-SEOUL-OA-15560,SEOUL_ADMIN_DONG_SHP_2023-10-20,C
SEOUL-JUNG-NAMDAEMUN,11140520,소공동,,manual_review,SRC-SEOUL-OA-15560,SEOUL_ADMIN_DONG_SHP_2023-10-20,D
SEOUL-JUNG-DONGDAEMUN-FASHION,11140580,장충동,,manual_review,SRC-SEOUL-OA-15560,SEOUL_ADMIN_DONG_SHP_2023-10-20,C
SEOUL-JUNG-DONGDAEMUN-FASHION,11140590,광희동,,manual_review,SRC-SEOUL-OA-15560,SEOUL_ADMIN_DONG_SHP_2023-10-20,C
SEOUL-JUNG-DONGDAEMUN-FASHION,11140615,신당동,,manual_review,SRC-SEOUL-OA-15560,SEOUL_ADMIN_DONG_SHP_2023-10-20,C
SEOUL-JUNG-SEOULSTN,11140540,회현동,,manual_review,SRC-SEOUL-OA-15560,SEOUL_ADMIN_DONG_SHP_2023-10-20,C
SEOUL-JUNG-SEOULSTN,11140550,명동,,manual_review,SRC-SEOUL-OA-15560,SEOUL_ADMIN_DONG_SHP_2023-10-20,D
SEOUL-JUNG-SEOULSTN,11140670,황학동,,manual_review,SRC-SEOUL-OA-15560,SEOUL_ADMIN_DONG_SHP_2023-10-20,D
SEOUL-JUNG-CITYHALL-BUKCHANG,11140520,소공동,,manual_review,SRC-SEOUL-OA-15560,SEOUL_ADMIN_DONG_SHP_2023-10-20,C
SEOUL-JUNG-CITYHALL-BUKCHANG,11140550,명동,,manual_review,SRC-SEOUL-OA-15560,SEOUL_ADMIN_DONG_SHP_2023-10-20,C
SEOUL-JUNG-SINDANG-YAKSU,11140635,약수동,,manual_review,SRC-SEOUL-OA-15560,SEOUL_ADMIN_DONG_SHP_2023-10-20,C
SEOUL-JUNG-SINDANG-YAKSU,11140625,다산동,,manual_review,SRC-SEOUL-OA-15560,SEOUL_ADMIN_DONG_SHP_2023-10-20,C
SEOUL-JUNG-SINDANG-YAKSU,11140670,황학동,,manual_review,SRC-SEOUL-OA-15560,SEOUL_ADMIN_DONG_SHP_2023-10-20,C
SEOUL-JUNG-SINDANG-YAKSU,11140650,신당5동,,manual_review,SRC-SEOUL-OA-15560,SEOUL_ADMIN_DONG_SHP_2023-10-20,D
SEOUL-JUNG-SINDANG-YAKSU,11140615,신당동,,manual_review,SRC-SEOUL-OA-15560,SEOUL_ADMIN_DONG_SHP_2023-10-20,D
SEOUL-YONGSAN-ITAEWON,11170650,이태원1동,,manual_review,SRC-SEOUL-OA-15560,SEOUL_ADMIN_DONG_SHP_2023-10-20,C
SEOUL-YONGSAN-HANNAM,11170685,한남동,,manual_review,SRC-SEOUL-OA-15560,SEOUL_ADMIN_DONG_SHP_2023-10-20,C
SEOUL-YONGSAN-HAEBANGCHON-GYEONGNIDAN,11170660,이태원2동,,manual_review,SRC-SEOUL-OA-15560,SEOUL_ADMIN_DONG_SHP_2023-10-20,C
SEOUL-YONGSAN-HAEBANGCHON-GYEONGNIDAN,11170520,용산2가동,,manual_review,SRC-SEOUL-OA-15560,SEOUL_ADMIN_DONG_SHP_2023-10-20,C
SEOUL-YONGSAN-HAEBANGCHON-GYEONGNIDAN,11170510,후암동,,manual_review,SRC-SEOUL-OA-15560,SEOUL_ADMIN_DONG_SHP_2023-10-20,D
SEOUL-YONGSAN-YONGLIDAN-SINYONGSAN,11170625,한강로동,,manual_review,SRC-SEOUL-OA-15560,SEOUL_ADMIN_DONG_SHP_2023-10-20,C
SEOUL-YONGSAN-YONGSANSTN,11170625,한강로동,,manual_review,SRC-SEOUL-OA-15560,SEOUL_ADMIN_DONG_SHP_2023-10-20,C
SEOUL-YONGSAN-YONGSANSTN,11170650,이태원1동,,manual_review,SRC-SEOUL-OA-15560,SEOUL_ADMIN_DONG_SHP_2023-10-20,D
SEOUL-YONGSAN-YONGSANSTN,11170590,용문동,,manual_review,SRC-SEOUL-OA-15560,SEOUL_ADMIN_DONG_SHP_2023-10-20,D
SEOUL-YONGSAN-NAMYEONG-SOOKMYUNG,11170530,남영동,,manual_review,SRC-SEOUL-OA-15560,SEOUL_ADMIN_DONG_SHP_2023-10-20,C
SEOUL-YONGSAN-NAMYEONG-SOOKMYUNG,11170555,청파동,,manual_review,SRC-SEOUL-OA-15560,SEOUL_ADMIN_DONG_SHP_2023-10-20,C
SEOUL-YONGSAN-NAMYEONG-SOOKMYUNG,11170560,원효로1동,,manual_review,SRC-SEOUL-OA-15560,SEOUL_ADMIN_DONG_SHP_2023-10-20,C
SEOUL-YONGSAN-HYOCHANG-HUAM,11170590,용문동,,manual_review,SRC-SEOUL-OA-15560,SEOUL_ADMIN_DONG_SHP_2023-10-20,C
SEOUL-YONGSAN-HYOCHANG-HUAM,11170580,효창동,,manual_review,SRC-SEOUL-OA-15560,SEOUL_ADMIN_DONG_SHP_2023-10-20,C
SEOUL-YONGSAN-HYOCHANG-HUAM,11170510,후암동,,manual_review,SRC-SEOUL-OA-15560,SEOUL_ADMIN_DONG_SHP_2023-10-20,C
SEOUL-YONGSAN-HYOCHANG-HUAM,11170555,청파동,,manual_review,SRC-SEOUL-OA-15560,SEOUL_ADMIN_DONG_SHP_2023-10-20,C
SEOUL-YONGSAN-HYOCHANG-HUAM,11170530,남영동,,manual_review,SRC-SEOUL-OA-15560,SEOUL_ADMIN_DONG_SHP_2023-10-20,C
SEOUL-SEONGDONG-SEONGSU,11200690,성수2가3동,,manual_review,SRC-SEOUL-OA-15560,SEOUL_ADMIN_DONG_SHP_2023-10-20,C
SEOUL-SEONGDONG-SEONGSU,11200660,성수1가2동,,manual_review,SRC-SEOUL-OA-15560,SEOUL_ADMIN_DONG_SHP_2023-10-20,D
SEOUL-SEONGDONG-SEONGSU,11200650,성수1가1동,,manual_review,SRC-SEOUL-OA-15560,SEOUL_ADMIN_DONG_SHP_2023-10-20,D
SEOUL-SEONGDONG-SEONGSU,11200670,성수2가1동,,manual_review,SRC-SEOUL-OA-15560,SEOUL_ADMIN_DONG_SHP_2023-10-20,D
SEOUL-SEONGDONG-SEOULFOREST,11200660,성수1가2동,,manual_review,SRC-SEOUL-OA-15560,SEOUL_ADMIN_DONG_SHP_2023-10-20,C
SEOUL-SEONGDONG-SEOULFOREST,11200670,성수2가1동,,manual_review,SRC-SEOUL-OA-15560,SEOUL_ADMIN_DONG_SHP_2023-10-20,C
SEOUL-SEONGDONG-SEOULFOREST,11200650,성수1가1동,,manual_review,SRC-SEOUL-OA-15560,SEOUL_ADMIN_DONG_SHP_2023-10-20,D
SEOUL-SEONGDONG-WANGSIMNI,11200520,왕십리2동,,manual_review,SRC-SEOUL-OA-15560,SEOUL_ADMIN_DONG_SHP_2023-10-20,C
SEOUL-SEONGDONG-WANGSIMNI,11200535,왕십리도선동,,manual_review,SRC-SEOUL-OA-15560,SEOUL_ADMIN_DONG_SHP_2023-10-20,C
SEOUL-SEONGDONG-WANGSIMNI,11200560,행당1동,,manual_review,SRC-SEOUL-OA-15560,SEOUL_ADMIN_DONG_SHP_2023-10-20,C
SEOUL-SEONGDONG-WANGSIMNI,11200550,사근동,,manual_review,SRC-SEOUL-OA-15560,SEOUL_ADMIN_DONG_SHP_2023-10-20,D
SEOUL-SEONGDONG-HAENGDANG-HANYANG,11200560,행당1동,,manual_review,SRC-SEOUL-OA-15560,SEOUL_ADMIN_DONG_SHP_2023-10-20,C
SEOUL-SEONGDONG-HAENGDANG-HANYANG,11200550,사근동,,manual_review,SRC-SEOUL-OA-15560,SEOUL_ADMIN_DONG_SHP_2023-10-20,C
SEOUL-SEONGDONG-HAENGDANG-HANYANG,11200520,왕십리2동,,manual_review,SRC-SEOUL-OA-15560,SEOUL_ADMIN_DONG_SHP_2023-10-20,D
SEOUL-SEONGDONG-HAENGDANG-HANYANG,11200535,왕십리도선동,,manual_review,SRC-SEOUL-OA-15560,SEOUL_ADMIN_DONG_SHP_2023-10-20,D
SEOUL-SEONGDONG-GEUMHO-OKSU,11200645,옥수동,,manual_review,SRC-SEOUL-OA-15560,SEOUL_ADMIN_DONG_SHP_2023-10-20,C
SEOUL-SEONGDONG-GEUMHO-OKSU,11200615,금호2·3가동,,manual_review,SRC-SEOUL-OA-15560,SEOUL_ADMIN_DONG_SHP_2023-10-20,C
SEOUL-SEONGDONG-GEUMHO-OKSU,11200620,금호4가동,,manual_review,SRC-SEOUL-OA-15560,SEOUL_ADMIN_DONG_SHP_2023-10-20,C
SEOUL-SEONGDONG-GEUMHO-OKSU,11200590,금호1가동,,manual_review,SRC-SEOUL-OA-15560,SEOUL_ADMIN_DONG_SHP_2023-10-20,D
SEOUL-SEONGDONG-MAJANG,11200540,마장동,,manual_review,SRC-SEOUL-OA-15560,SEOUL_ADMIN_DONG_SHP_2023-10-20,C
SEOUL-GWANGJIN-KONKUK,11215847,자양4동,,manual_review,SRC-SEOUL-OA-15560,SEOUL_ADMIN_DONG_SHP_2023-10-20,C
SEOUL-GWANGJIN-KONKUK,11215710,화양동,,manual_review,SRC-SEOUL-OA-15560,SEOUL_ADMIN_DONG_SHP_2023-10-20,C
SEOUL-GWANGJIN-GUI-GANGBYEON,11215870,구의3동,,manual_review,SRC-SEOUL-OA-15560,SEOUL_ADMIN_DONG_SHP_2023-10-20,C
SEOUL-GWANGJIN-GUI-GANGBYEON,11215820,자양1동,,manual_review,SRC-SEOUL-OA-15560,SEOUL_ADMIN_DONG_SHP_2023-10-20,C
SEOUL-GWANGJIN-GUI-GANGBYEON,11215850,구의1동,,manual_review,SRC-SEOUL-OA-15560,SEOUL_ADMIN_DONG_SHP_2023-10-20,C
SEOUL-GWANGJIN-JAYANG,11215847,자양4동,,manual_review,SRC-SEOUL-OA-15560,SEOUL_ADMIN_DONG_SHP_2023-10-20,C
SEOUL-GWANGJIN-JAYANG,11215710,화양동,,manual_review,SRC-SEOUL-OA-15560,SEOUL_ADMIN_DONG_SHP_2023-10-20,C
SEOUL-GWANGJIN-JAYANG,11215830,자양2동,,manual_review,SRC-SEOUL-OA-15560,SEOUL_ADMIN_DONG_SHP_2023-10-20,D
SEOUL-GWANGJIN-JAYANG,11215820,자양1동,,manual_review,SRC-SEOUL-OA-15560,SEOUL_ADMIN_DONG_SHP_2023-10-20,D
SEOUL-GWANGJIN-CHILDRENSPARK-SEJONG,11215710,화양동,,manual_review,SRC-SEOUL-OA-15560,SEOUL_ADMIN_DONG_SHP_2023-10-20,C
SEOUL-GWANGJIN-CHILDRENSPARK-SEJONG,11215730,군자동,,manual_review,SRC-SEOUL-OA-15560,SEOUL_ADMIN_DONG_SHP_2023-10-20,C
SEOUL-GWANGJIN-CHILDRENSPARK-SEJONG,11215847,자양4동,,manual_review,SRC-SEOUL-OA-15560,SEOUL_ADMIN_DONG_SHP_2023-10-20,D
SEOUL-GWANGJIN-GUNJA-JUNGGOK,11215740,중곡1동,,manual_review,SRC-SEOUL-OA-15560,SEOUL_ADMIN_DONG_SHP_2023-10-20,C
SEOUL-GWANGJIN-GUNJA-JUNGGOK,11215780,능동,,manual_review,SRC-SEOUL-OA-15560,SEOUL_ADMIN_DONG_SHP_2023-10-20,C
SEOUL-GWANGJIN-GUNJA-JUNGGOK,11215750,중곡2동,,manual_review,SRC-SEOUL-OA-15560,SEOUL_ADMIN_DONG_SHP_2023-10-20,C
SEOUL-GWANGJIN-GUNJA-JUNGGOK,11215730,군자동,,manual_review,SRC-SEOUL-OA-15560,SEOUL_ADMIN_DONG_SHP_2023-10-20,C
SEOUL-GWANGJIN-GUNJA-JUNGGOK,11215760,중곡3동,,manual_review,SRC-SEOUL-OA-15560,SEOUL_ADMIN_DONG_SHP_2023-10-20,D
SEOUL-DONGDAEMUN-CHEONGNYANGNI,11230560,전농1동,,manual_review,SRC-SEOUL-OA-15560,SEOUL_ADMIN_DONG_SHP_2023-10-20,C
SEOUL-DONGDAEMUN-CHEONGNYANGNI,11230536,용신동,,manual_review,SRC-SEOUL-OA-15560,SEOUL_ADMIN_DONG_SHP_2023-10-20,D
SEOUL-DONGDAEMUN-CHEONGNYANGNI,11230545,제기동,,manual_review,SRC-SEOUL-OA-15560,SEOUL_ADMIN_DONG_SHP_2023-10-20,D
SEOUL-DONGDAEMUN-HOEGI-KYUNGHEE,11230720,휘경1동,,manual_review,SRC-SEOUL-OA-15560,SEOUL_ADMIN_DONG_SHP_2023-10-20,C
SEOUL-DONGDAEMUN-HOEGI-KYUNGHEE,11230710,회기동,,manual_review,SRC-SEOUL-OA-15560,SEOUL_ADMIN_DONG_SHP_2023-10-20,D
SEOUL-DONGDAEMUN-HOEGI-KYUNGHEE,11230740,이문1동,,manual_review,SRC-SEOUL-OA-15560,SEOUL_ADMIN_DONG_SHP_2023-10-20,D
SEOUL-DONGDAEMUN-HUFS-IMUN,11230740,이문1동,,manual_review,SRC-SEOUL-OA-15560,SEOUL_ADMIN_DONG_SHP_2023-10-20,C
SEOUL-DONGDAEMUN-HUFS-IMUN,11230720,휘경1동,,manual_review,SRC-SEOUL-OA-15560,SEOUL_ADMIN_DONG_SHP_2023-10-20,C
SEOUL-DONGDAEMUN-HUFS-IMUN,11230750,이문2동,,manual_review,SRC-SEOUL-OA-15560,SEOUL_ADMIN_DONG_SHP_2023-10-20,D
SEOUL-DONGDAEMUN-JANGAN-DAPSIMNI,11230660,장안2동,,manual_review,SRC-SEOUL-OA-15560,SEOUL_ADMIN_DONG_SHP_2023-10-20,C
SEOUL-DONGDAEMUN-JANGAN-DAPSIMNI,11230610,답십리2동,,manual_review,SRC-SEOUL-OA-15560,SEOUL_ADMIN_DONG_SHP_2023-10-20,C
SEOUL-DONGDAEMUN-JANGAN-DAPSIMNI,11230536,용신동,,manual_review,SRC-SEOUL-OA-15560,SEOUL_ADMIN_DONG_SHP_2023-10-20,D
SEOUL-DONGDAEMUN-JANGAN-DAPSIMNI,11230545,제기동,,manual_review,SRC-SEOUL-OA-15560,SEOUL_ADMIN_DONG_SHP_2023-10-20,D
SEOUL-DONGDAEMUN-JANGAN-DAPSIMNI,11230705,청량리동,,manual_review,SRC-SEOUL-OA-15560,SEOUL_ADMIN_DONG_SHP_2023-10-20,D
SEOUL-DONGDAEMUN-JANGAN-DAPSIMNI,11230560,전농1동,,manual_review,SRC-SEOUL-OA-15560,SEOUL_ADMIN_DONG_SHP_2023-10-20,D
SEOUL-DONGDAEMUN-JANGAN-DAPSIMNI,11230600,답십리1동,,manual_review,SRC-SEOUL-OA-15560,SEOUL_ADMIN_DONG_SHP_2023-10-20,D
SEOUL-DONGDAEMUN-JEONNONG,11230560,전농1동,,manual_review,SRC-SEOUL-OA-15560,SEOUL_ADMIN_DONG_SHP_2023-10-20,D
SEOUL-DONGDAEMUN-JEONNONG,11230536,용신동,,manual_review,SRC-SEOUL-OA-15560,SEOUL_ADMIN_DONG_SHP_2023-10-20,D
SEOUL-DONGDAEMUN-JEONNONG,11230545,제기동,,manual_review,SRC-SEOUL-OA-15560,SEOUL_ADMIN_DONG_SHP_2023-10-20,D
SEOUL-DONGDAEMUN-JEGI-YONGDU-SINSEOL,11230536,용신동,,manual_review,SRC-SEOUL-OA-15560,SEOUL_ADMIN_DONG_SHP_2023-10-20,C
SEOUL-DONGDAEMUN-JEGI-YONGDU-SINSEOL,11230545,제기동,,manual_review,SRC-SEOUL-OA-15560,SEOUL_ADMIN_DONG_SHP_2023-10-20,C
SEOUL-JUNGNANG-SANGBONG,11260590,상봉2동,,manual_review,SRC-SEOUL-OA-15560,SEOUL_ADMIN_DONG_SHP_2023-10-20,C
SEOUL-JUNGNANG-SANGBONG,11260580,상봉1동,,manual_review,SRC-SEOUL-OA-15560,SEOUL_ADMIN_DONG_SHP_2023-10-20,C
SEOUL-JUNGNANG-SANGBONG,11260520,면목2동,,manual_review,SRC-SEOUL-OA-15560,SEOUL_ADMIN_DONG_SHP_2023-10-20,D
SEOUL-JUNGNANG-MANGU,11260580,상봉1동,,manual_review,SRC-SEOUL-OA-15560,SEOUL_ADMIN_DONG_SHP_2023-10-20,C
SEOUL-JUNGNANG-MANGU,11260660,망우3동,,manual_review,SRC-SEOUL-OA-15560,SEOUL_ADMIN_DONG_SHP_2023-10-20,D
SEOUL-JUNGNANG-MANGU,11260655,망우본동,,manual_review,SRC-SEOUL-OA-15560,SEOUL_ADMIN_DONG_SHP_2023-10-20,D
SEOUL-JUNGNANG-MYEONMOK-SAGAJEONG,11260575,면목3·8동,,manual_review,SRC-SEOUL-OA-15560,SEOUL_ADMIN_DONG_SHP_2023-10-20,C
SEOUL-JUNGNANG-MYEONMOK-SAGAJEONG,11260570,면목7동,,manual_review,SRC-SEOUL-OA-15560,SEOUL_ADMIN_DONG_SHP_2023-10-20,C
SEOUL-JUNGNANG-MYEONMOK-SAGAJEONG,11260550,면목5동,,manual_review,SRC-SEOUL-OA-15560,SEOUL_ADMIN_DONG_SHP_2023-10-20,D
SEOUL-JUNGNANG-MYEONMOK-SAGAJEONG,11260520,면목2동,,manual_review,SRC-SEOUL-OA-15560,SEOUL_ADMIN_DONG_SHP_2023-10-20,D
SEOUL-JUNGNANG-MYEONMOK-SAGAJEONG,11260565,면목본동,,manual_review,SRC-SEOUL-OA-15560,SEOUL_ADMIN_DONG_SHP_2023-10-20,D
SEOUL-JUNGNANG-SINNAE,11260680,신내1동,,manual_review,SRC-SEOUL-OA-15560,SEOUL_ADMIN_DONG_SHP_2023-10-20,C
SEOUL-JUNGNANG-JUNGHWA,11260610,중화2동,,manual_review,SRC-SEOUL-OA-15560,SEOUL_ADMIN_DONG_SHP_2023-10-20,C
SEOUL-JUNGNANG-JUNGHWA,11260600,중화1동,,manual_review,SRC-SEOUL-OA-15560,SEOUL_ADMIN_DONG_SHP_2023-10-20,C
SEOUL-SEONGBUK-SUNGSHIN,11290575,동선동,,manual_review,SRC-SEOUL-OA-15560,SEOUL_ADMIN_DONG_SHP_2023-10-20,C
SEOUL-SEONGBUK-SUNGSHIN,11290555,삼선동,,manual_review,SRC-SEOUL-OA-15560,SEOUL_ADMIN_DONG_SHP_2023-10-20,C
SEOUL-SEONGBUK-ANAM-KOREAUNIV,11290600,안암동,,manual_review,SRC-SEOUL-OA-15560,SEOUL_ADMIN_DONG_SHP_2023-10-20,C
SEOUL-SEONGBUK-GIREUM,11290660,길음1동,,manual_review,SRC-SEOUL-OA-15560,SEOUL_ADMIN_DONG_SHP_2023-10-20,C
SEOUL-SEONGBUK-GIREUM,11290685,길음2동,,manual_review,SRC-SEOUL-OA-15560,SEOUL_ADMIN_DONG_SHP_2023-10-20,C
SEOUL-SEONGBUK-HANSUNG-SEONGBUK,11290525,성북동,,manual_review,SRC-SEOUL-OA-15560,SEOUL_ADMIN_DONG_SHP_2023-10-20,C
SEOUL-SEONGBUK-HANSUNG-SEONGBUK,11290555,삼선동,,manual_review,SRC-SEOUL-OA-15560,SEOUL_ADMIN_DONG_SHP_2023-10-20,C
SEOUL-SEONGBUK-SEOKGYE-JANGWI,11290770,장위2동,,manual_review,SRC-SEOUL-OA-15560,SEOUL_ADMIN_DONG_SHP_2023-10-20,C
SEOUL-SEONGBUK-SEOKGYE-JANGWI,11290810,석관동,,manual_review,SRC-SEOUL-OA-15560,SEOUL_ADMIN_DONG_SHP_2023-10-20,C
SEOUL-SEONGBUK-SEOKGYE-JANGWI,11290760,장위1동,,manual_review,SRC-SEOUL-OA-15560,SEOUL_ADMIN_DONG_SHP_2023-10-20,D
SEOUL-SEONGBUK-JEONGNEUNG,11290650,정릉4동,,manual_review,SRC-SEOUL-OA-15560,SEOUL_ADMIN_DONG_SHP_2023-10-20,C
SEOUL-SEONGBUK-JEONGNEUNG,11290640,정릉3동,,manual_review,SRC-SEOUL-OA-15560,SEOUL_ADMIN_DONG_SHP_2023-10-20,C
SEOUL-SEONGBUK-JEONGNEUNG,11290525,성북동,,manual_review,SRC-SEOUL-OA-15560,SEOUL_ADMIN_DONG_SHP_2023-10-20,D
SEOUL-SEONGBUK-JEONGNEUNG,11290555,삼선동,,manual_review,SRC-SEOUL-OA-15560,SEOUL_ADMIN_DONG_SHP_2023-10-20,D
SEOUL-GANGBUK-SUYU,11305595,번1동,,manual_review,SRC-SEOUL-OA-15560,SEOUL_ADMIN_DONG_SHP_2023-10-20,C
SEOUL-GANGBUK-SUYU,11305635,수유3동,,manual_review,SRC-SEOUL-OA-15560,SEOUL_ADMIN_DONG_SHP_2023-10-20,C
SEOUL-GANGBUK-SUYU,11305660,인수동,,manual_review,SRC-SEOUL-OA-15560,SEOUL_ADMIN_DONG_SHP_2023-10-20,D
SEOUL-GANGBUK-SUYU,11305615,수유1동,,manual_review,SRC-SEOUL-OA-15560,SEOUL_ADMIN_DONG_SHP_2023-10-20,D
SEOUL-GANGBUK-SUYU,11305625,수유2동,,manual_review,SRC-SEOUL-OA-15560,SEOUL_ADMIN_DONG_SHP_2023-10-20,D
SEOUL-GANGBUK-MIASAGEORI,11305545,송중동,,manual_review,SRC-SEOUL-OA-15560,SEOUL_ADMIN_DONG_SHP_2023-10-20,C
SEOUL-GANGBUK-MIA-BEON,11305535,미아동,,manual_review,SRC-SEOUL-OA-15560,SEOUL_ADMIN_DONG_SHP_2023-10-20,C
SEOUL-GANGBUK-MIA-BEON,11305545,송중동,,manual_review,SRC-SEOUL-OA-15560,SEOUL_ADMIN_DONG_SHP_2023-10-20,D
SEOUL-GANGBUK-MIA-BEON,11305608,번3동,,manual_review,SRC-SEOUL-OA-15560,SEOUL_ADMIN_DONG_SHP_2023-10-20,D
SEOUL-GANGBUK-MIA-BEON,11305575,삼각산동,,manual_review,SRC-SEOUL-OA-15560,SEOUL_ADMIN_DONG_SHP_2023-10-20,D
SEOUL-GANGBUK-UI-BUKHANSAN,11305645,우이동,,manual_review,SRC-SEOUL-OA-15560,SEOUL_ADMIN_DONG_SHP_2023-10-20,C
SEOUL-GANGBUK-UI-BUKHANSAN,11305625,수유2동,,manual_review,SRC-SEOUL-OA-15560,SEOUL_ADMIN_DONG_SHP_2023-10-20,D
SEOUL-DOBONG-CHANGDONG,11320515,창5동,,manual_review,SRC-SEOUL-OA-15560,SEOUL_ADMIN_DONG_SHP_2023-10-20,C
SEOUL-DOBONG-CHANGDONG,11320514,창4동,,manual_review,SRC-SEOUL-OA-15560,SEOUL_ADMIN_DONG_SHP_2023-10-20,C
SEOUL-DOBONG-CHANGDONG,11320512,창2동,,manual_review,SRC-SEOUL-OA-15560,SEOUL_ADMIN_DONG_SHP_2023-10-20,D
SEOUL-DOBONG-CHANGDONG,11320513,창3동,,manual_review,SRC-SEOUL-OA-15560,SEOUL_ADMIN_DONG_SHP_2023-10-20,D
SEOUL-DOBONG-SSANGMUN,11320511,창1동,,manual_review,SRC-SEOUL-OA-15560,SEOUL_ADMIN_DONG_SHP_2023-10-20,C
SEOUL-DOBONG-SSANGMUN,11320680,쌍문3동,,manual_review,SRC-SEOUL-OA-15560,SEOUL_ADMIN_DONG_SHP_2023-10-20,C
SEOUL-DOBONG-SSANGMUN,11320660,쌍문1동,,manual_review,SRC-SEOUL-OA-15560,SEOUL_ADMIN_DONG_SHP_2023-10-20,D
SEOUL-DOBONG-SSANGMUN,11320670,쌍문2동,,manual_review,SRC-SEOUL-OA-15560,SEOUL_ADMIN_DONG_SHP_2023-10-20,D
SEOUL-DOBONG-BANGHAK,11320700,방학2동,,manual_review,SRC-SEOUL-OA-15560,SEOUL_ADMIN_DONG_SHP_2023-10-20,C
SEOUL-DOBONG-BANGHAK,11320690,방학1동,,manual_review,SRC-SEOUL-OA-15560,SEOUL_ADMIN_DONG_SHP_2023-10-20,C
SEOUL-DOBONG-BANGHAK,11320710,방학3동,,manual_review,SRC-SEOUL-OA-15560,SEOUL_ADMIN_DONG_SHP_2023-10-20,D
SEOUL-DOBONG-DOBONGSAN,11320521,도봉1동,,manual_review,SRC-SEOUL-OA-15560,SEOUL_ADMIN_DONG_SHP_2023-10-20,C
SEOUL-NOWON-NOWONSTN,11350720,상계10동,,manual_review,SRC-SEOUL-OA-15560,SEOUL_ADMIN_DONG_SHP_2023-10-20,C
SEOUL-NOWON-NOWONSTN,11350640,상계2동,,manual_review,SRC-SEOUL-OA-15560,SEOUL_ADMIN_DONG_SHP_2023-10-20,C
SEOUL-NOWON-NOWONSTN,11350630,상계1동,,manual_review,SRC-SEOUL-OA-15560,SEOUL_ADMIN_DONG_SHP_2023-10-20,D
SEOUL-NOWON-NOWONSTN,11350611,하계1동,,manual_review,SRC-SEOUL-OA-15560,SEOUL_ADMIN_DONG_SHP_2023-10-20,D
SEOUL-NOWON-GONGNEUNG,11350595,공릉1동,,manual_review,SRC-SEOUL-OA-15560,SEOUL_ADMIN_DONG_SHP_2023-10-20,C
SEOUL-NOWON-JUNGGYE-ACADEMY,11350619,중계본동,,manual_review,SRC-SEOUL-OA-15560,SEOUL_ADMIN_DONG_SHP_2023-10-20,C
SEOUL-NOWON-JUNGGYE-ACADEMY,11350624,중계4동,,manual_review,SRC-SEOUL-OA-15560,SEOUL_ADMIN_DONG_SHP_2023-10-20,D
SEOUL-NOWON-JUNGGYE-ACADEMY,11350625,중계2·3동,,manual_review,SRC-SEOUL-OA-15560,SEOUL_ADMIN_DONG_SHP_2023-10-20,D
SEOUL-NOWON-TAEREUNG,11350595,공릉1동,,manual_review,SRC-SEOUL-OA-15560,SEOUL_ADMIN_DONG_SHP_2023-10-20,C
SEOUL-NOWON-SANGGYE,11350670,상계5동,,manual_review,SRC-SEOUL-OA-15560,SEOUL_ADMIN_DONG_SHP_2023-10-20,C
SEOUL-NOWON-SANGGYE,11350624,중계4동,,manual_review,SRC-SEOUL-OA-15560,SEOUL_ADMIN_DONG_SHP_2023-10-20,C
SEOUL-NOWON-SANGGYE,11350630,상계1동,,manual_review,SRC-SEOUL-OA-15560,SEOUL_ADMIN_DONG_SHP_2023-10-20,D
SEOUL-NOWON-SANGGYE,11350640,상계2동,,manual_review,SRC-SEOUL-OA-15560,SEOUL_ADMIN_DONG_SHP_2023-10-20,D
SEOUL-NOWON-WOLGYE-KWANGWOON,11350560,월계1동,,manual_review,SRC-SEOUL-OA-15560,SEOUL_ADMIN_DONG_SHP_2023-10-20,C
SEOUL-NOWON-WOLGYE-KWANGWOON,11350625,중계2·3동,,manual_review,SRC-SEOUL-OA-15560,SEOUL_ADMIN_DONG_SHP_2023-10-20,D
SEOUL-NOWON-WOLGYE-KWANGWOON,11350570,월계2동,,manual_review,SRC-SEOUL-OA-15560,SEOUL_ADMIN_DONG_SHP_2023-10-20,D
SEOUL-EUNPYEONG-YEONSINNAE,11380552,갈현2동,,manual_review,SRC-SEOUL-OA-15560,SEOUL_ADMIN_DONG_SHP_2023-10-20,C
SEOUL-EUNPYEONG-YEONSINNAE,11380551,갈현1동,,manual_review,SRC-SEOUL-OA-15560,SEOUL_ADMIN_DONG_SHP_2023-10-20,C
SEOUL-EUNPYEONG-YEONSINNAE,11380570,대조동,,manual_review,SRC-SEOUL-OA-15560,SEOUL_ADMIN_DONG_SHP_2023-10-20,C
SEOUL-EUNPYEONG-YEONSINNAE,11380530,불광2동,,manual_review,SRC-SEOUL-OA-15560,SEOUL_ADMIN_DONG_SHP_2023-10-20,C
SEOUL-EUNPYEONG-YEONSINNAE,11380520,불광1동,,manual_review,SRC-SEOUL-OA-15560,SEOUL_ADMIN_DONG_SHP_2023-10-20,C
SEOUL-EUNPYEONG-BULGWANG,11380570,대조동,,manual_review,SRC-SEOUL-OA-15560,SEOUL_ADMIN_DONG_SHP_2023-10-20,C
SEOUL-EUNPYEONG-BULGWANG,11380520,불광1동,,manual_review,SRC-SEOUL-OA-15560,SEOUL_ADMIN_DONG_SHP_2023-10-20,C
SEOUL-EUNPYEONG-BULGWANG,11380510,녹번동,,manual_review,SRC-SEOUL-OA-15560,SEOUL_ADMIN_DONG_SHP_2023-10-20,C
SEOUL-EUNPYEONG-BULGWANG,11380530,불광2동,,manual_review,SRC-SEOUL-OA-15560,SEOUL_ADMIN_DONG_SHP_2023-10-20,D
SEOUL-EUNPYEONG-EUNGAM-SAEJEOL,11380600,응암3동,,manual_review,SRC-SEOUL-OA-15560,SEOUL_ADMIN_DONG_SHP_2023-10-20,C
SEOUL-EUNPYEONG-EUNGAM-SAEJEOL,11380632,신사2동,,manual_review,SRC-SEOUL-OA-15560,SEOUL_ADMIN_DONG_SHP_2023-10-20,C
SEOUL-EUNPYEONG-EUNGAM-SAEJEOL,11380631,신사1동,,manual_review,SRC-SEOUL-OA-15560,SEOUL_ADMIN_DONG_SHP_2023-10-20,D
SEOUL-EUNPYEONG-EUNGAM-SAEJEOL,11380625,역촌동,,manual_review,SRC-SEOUL-OA-15560,SEOUL_ADMIN_DONG_SHP_2023-10-20,D
SEOUL-EUNPYEONG-EUNGAM-SAEJEOL,11380590,응암2동,,manual_review,SRC-SEOUL-OA-15560,SEOUL_ADMIN_DONG_SHP_2023-10-20,D
SEOUL-EUNPYEONG-GUPABAL-NEWTOWN,11380690,진관동,,manual_review,SRC-SEOUL-OA-15560,SEOUL_ADMIN_DONG_SHP_2023-10-20,C
SEOUL-EUNPYEONG-NOKBEON-SUSAEK,11380650,수색동,,manual_review,SRC-SEOUL-OA-15560,SEOUL_ADMIN_DONG_SHP_2023-10-20,C
SEOUL-EUNPYEONG-NOKBEON-SUSAEK,11380510,녹번동,,manual_review,SRC-SEOUL-OA-15560,SEOUL_ADMIN_DONG_SHP_2023-10-20,C
SEOUL-EUNPYEONG-NOKBEON-SUSAEK,11380640,증산동,,manual_review,SRC-SEOUL-OA-15560,SEOUL_ADMIN_DONG_SHP_2023-10-20,D
SEOUL-SEODAEMUN-SINCHON,11410585,신촌동,,manual_review,SRC-SEOUL-OA-15560,SEOUL_ADMIN_DONG_SHP_2023-10-20,C
SEOUL-SEODAEMUN-EWHA,11410585,신촌동,,manual_review,SRC-SEOUL-OA-15560,SEOUL_ADMIN_DONG_SHP_2023-10-20,C
SEOUL-SEODAEMUN-YEONHUI,11410615,연희동,,manual_review,SRC-SEOUL-OA-15560,SEOUL_ADMIN_DONG_SHP_2023-10-20,C
SEOUL-SEODAEMUN-YEONHUI,11410585,신촌동,,manual_review,SRC-SEOUL-OA-15560,SEOUL_ADMIN_DONG_SHP_2023-10-20,D
SEOUL-SEODAEMUN-HONGJE,11410640,홍제3동,,manual_review,SRC-SEOUL-OA-15560,SEOUL_ADMIN_DONG_SHP_2023-10-20,C
SEOUL-SEODAEMUN-HONGJE,11410620,홍제1동,,manual_review,SRC-SEOUL-OA-15560,SEOUL_ADMIN_DONG_SHP_2023-10-20,C
SEOUL-SEODAEMUN-HONGJE,11410660,홍은1동,,manual_review,SRC-SEOUL-OA-15560,SEOUL_ADMIN_DONG_SHP_2023-10-20,C
SEOUL-SEODAEMUN-GAJWA-NAMGAJWA,11410690,남가좌1동,,manual_review,SRC-SEOUL-OA-15560,SEOUL_ADMIN_DONG_SHP_2023-10-20,C
SEOUL-SEODAEMUN-GAJWA-NAMGAJWA,11410700,남가좌2동,,manual_review,SRC-SEOUL-OA-15560,SEOUL_ADMIN_DONG_SHP_2023-10-20,C
SEOUL-SEODAEMUN-GAJWA-NAMGAJWA,11410685,홍은2동,,manual_review,SRC-SEOUL-OA-15560,SEOUL_ADMIN_DONG_SHP_2023-10-20,D
SEOUL-SEODAEMUN-GAJWA-NAMGAJWA,11410710,북가좌1동,,manual_review,SRC-SEOUL-OA-15560,SEOUL_ADMIN_DONG_SHP_2023-10-20,D
SEOUL-SEODAEMUN-GAJWA-NAMGAJWA,11410720,북가좌2동,,manual_review,SRC-SEOUL-OA-15560,SEOUL_ADMIN_DONG_SHP_2023-10-20,D
SEOUL-SEODAEMUN-DONGNIMUN-YEONGCHEON,11410520,천연동,,manual_review,SRC-SEOUL-OA-15560,SEOUL_ADMIN_DONG_SHP_2023-10-20,C
SEOUL-MAPO-HONGDAE,11440660,서교동,,manual_review,SRC-SEOUL-OA-15560,SEOUL_ADMIN_DONG_SHP_2023-10-20,C
SEOUL-MAPO-HONGDAE,11440655,서강동,,manual_review,SRC-SEOUL-OA-15560,SEOUL_ADMIN_DONG_SHP_2023-10-20,D
SEOUL-MAPO-HONGDAE,11440710,연남동,,manual_review,SRC-SEOUL-OA-15560,SEOUL_ADMIN_DONG_SHP_2023-10-20,D
SEOUL-MAPO-YEONNAM,11440710,연남동,,manual_review,SRC-SEOUL-OA-15560,SEOUL_ADMIN_DONG_SHP_2023-10-20,C
SEOUL-MAPO-YEONNAM,11440660,서교동,,manual_review,SRC-SEOUL-OA-15560,SEOUL_ADMIN_DONG_SHP_2023-10-20,C
SEOUL-MAPO-HAPJEONG,11440680,합정동,,manual_review,SRC-SEOUL-OA-15560,SEOUL_ADMIN_DONG_SHP_2023-10-20,C
SEOUL-MAPO-HAPJEONG,11440660,서교동,,manual_review,SRC-SEOUL-OA-15560,SEOUL_ADMIN_DONG_SHP_2023-10-20,C
SEOUL-MAPO-MANGWON,11440690,망원1동,,manual_review,SRC-SEOUL-OA-15560,SEOUL_ADMIN_DONG_SHP_2023-10-20,C
SEOUL-MAPO-MANGWON,11440700,망원2동,,manual_review,SRC-SEOUL-OA-15560,SEOUL_ADMIN_DONG_SHP_2023-10-20,D
SEOUL-MAPO-MANGWON,11440660,서교동,,manual_review,SRC-SEOUL-OA-15560,SEOUL_ADMIN_DONG_SHP_2023-10-20,D
SEOUL-MAPO-SANGSU,11440655,서강동,,manual_review,SRC-SEOUL-OA-15560,SEOUL_ADMIN_DONG_SHP_2023-10-20,C
SEOUL-MAPO-SANGSU,11440660,서교동,,manual_review,SRC-SEOUL-OA-15560,SEOUL_ADMIN_DONG_SHP_2023-10-20,D
SEOUL-MAPO-GONGDEOK-MAPO,11440585,도화동,,manual_review,SRC-SEOUL-OA-15560,SEOUL_ADMIN_DONG_SHP_2023-10-20,C
SEOUL-MAPO-GONGDEOK-MAPO,11440590,용강동,,manual_review,SRC-SEOUL-OA-15560,SEOUL_ADMIN_DONG_SHP_2023-10-20,C
SEOUL-MAPO-GONGDEOK-MAPO,11440700,망원2동,,manual_review,SRC-SEOUL-OA-15560,SEOUL_ADMIN_DONG_SHP_2023-10-20,D
SEOUL-MAPO-GONGDEOK-MAPO,11440730,성산2동,,manual_review,SRC-SEOUL-OA-15560,SEOUL_ADMIN_DONG_SHP_2023-10-20,D
SEOUL-MAPO-GONGDEOK-MAPO,11440720,성산1동,,manual_review,SRC-SEOUL-OA-15560,SEOUL_ADMIN_DONG_SHP_2023-10-20,D
SEOUL-MAPO-GONGDEOK-MAPO,11440710,연남동,,manual_review,SRC-SEOUL-OA-15560,SEOUL_ADMIN_DONG_SHP_2023-10-20,D
SEOUL-MAPO-DAEHEUNG-SOGANG,11440655,서강동,,manual_review,SRC-SEOUL-OA-15560,SEOUL_ADMIN_DONG_SHP_2023-10-20,C
SEOUL-MAPO-DAEHEUNG-SOGANG,11440600,대흥동,,manual_review,SRC-SEOUL-OA-15560,SEOUL_ADMIN_DONG_SHP_2023-10-20,C
SEOUL-MAPO-DAEHEUNG-SOGANG,11440610,염리동,,manual_review,SRC-SEOUL-OA-15560,SEOUL_ADMIN_DONG_SHP_2023-10-20,C
SEOUL-MAPO-DAEHEUNG-SOGANG,11440630,신수동,,manual_review,SRC-SEOUL-OA-15560,SEOUL_ADMIN_DONG_SHP_2023-10-20,D
SEOUL-MAPO-SANGAM-DMC,11440740,상암동,,manual_review,SRC-SEOUL-OA-15560,SEOUL_ADMIN_DONG_SHP_2023-10-20,C
SEOUL-MAPO-SANGAM-DMC,11440730,성산2동,,manual_review,SRC-SEOUL-OA-15560,SEOUL_ADMIN_DONG_SHP_2023-10-20,C
SEOUL-YANGCHEON-MOKDONG-OGEORI,11470650,신정4동,,manual_review,SRC-SEOUL-OA-15560,SEOUL_ADMIN_DONG_SHP_2023-10-20,C
SEOUL-YANGCHEON-MOKDONG-OGEORI,11470510,목1동,,manual_review,SRC-SEOUL-OA-15560,SEOUL_ADMIN_DONG_SHP_2023-10-20,C
SEOUL-YANGCHEON-MOKDONG-OGEORI,11470520,목2동,,manual_review,SRC-SEOUL-OA-15560,SEOUL_ADMIN_DONG_SHP_2023-10-20,C
SEOUL-YANGCHEON-MOKDONG-OGEORI,11470610,신월6동,,manual_review,SRC-SEOUL-OA-15560,SEOUL_ADMIN_DONG_SHP_2023-10-20,D
SEOUL-YANGCHEON-MOKDONG-OGEORI,11470540,목4동,,manual_review,SRC-SEOUL-OA-15560,SEOUL_ADMIN_DONG_SHP_2023-10-20,D
SEOUL-YANGCHEON-OMOKGYO,11470510,목1동,,manual_review,SRC-SEOUL-OA-15560,SEOUL_ADMIN_DONG_SHP_2023-10-20,C
SEOUL-YANGCHEON-OMOKGYO,11470630,신정2동,,manual_review,SRC-SEOUL-OA-15560,SEOUL_ADMIN_DONG_SHP_2023-10-20,D
SEOUL-YANGCHEON-MOKDONG-ACADEMY,11470510,목1동,,manual_review,SRC-SEOUL-OA-15560,SEOUL_ADMIN_DONG_SHP_2023-10-20,D
SEOUL-YANGCHEON-MOKDONG-ACADEMY,11470630,신정2동,,manual_review,SRC-SEOUL-OA-15560,SEOUL_ADMIN_DONG_SHP_2023-10-20,D
SEOUL-YANGCHEON-MOKDONG-ACADEMY,11470610,신월6동,,manual_review,SRC-SEOUL-OA-15560,SEOUL_ADMIN_DONG_SHP_2023-10-20,D
SEOUL-YANGCHEON-MOKDONG-ACADEMY,11470650,신정4동,,manual_review,SRC-SEOUL-OA-15560,SEOUL_ADMIN_DONG_SHP_2023-10-20,D
SEOUL-YANGCHEON-MOKDONG-ACADEMY,11470540,목4동,,manual_review,SRC-SEOUL-OA-15560,SEOUL_ADMIN_DONG_SHP_2023-10-20,D
SEOUL-YANGCHEON-MOKDONG-ACADEMY,11470520,목2동,,manual_review,SRC-SEOUL-OA-15560,SEOUL_ADMIN_DONG_SHP_2023-10-20,D
SEOUL-YANGCHEON-SINJEONGNEGEORI,11470640,신정3동,,manual_review,SRC-SEOUL-OA-15560,SEOUL_ADMIN_DONG_SHP_2023-10-20,C
SEOUL-YANGCHEON-SINJEONGNEGEORI,11470620,신정1동,,manual_review,SRC-SEOUL-OA-15560,SEOUL_ADMIN_DONG_SHP_2023-10-20,C
SEOUL-YANGCHEON-SINJEONGNEGEORI,11470650,신정4동,,manual_review,SRC-SEOUL-OA-15560,SEOUL_ADMIN_DONG_SHP_2023-10-20,C
SEOUL-YANGCHEON-SINWOL,11470580,신월3동,,manual_review,SRC-SEOUL-OA-15560,SEOUL_ADMIN_DONG_SHP_2023-10-20,C
SEOUL-YANGCHEON-SINWOL,11470560,신월1동,,manual_review,SRC-SEOUL-OA-15560,SEOUL_ADMIN_DONG_SHP_2023-10-20,C
SEOUL-YANGCHEON-SINWOL,11470600,신월5동,,manual_review,SRC-SEOUL-OA-15560,SEOUL_ADMIN_DONG_SHP_2023-10-20,D
SEOUL-YANGCHEON-SINWOL,11470611,신월7동,,manual_review,SRC-SEOUL-OA-15560,SEOUL_ADMIN_DONG_SHP_2023-10-20,D
SEOUL-GANGSEO-MAGOK,11500603,가양1동,,manual_review,SRC-SEOUL-OA-15560,SEOUL_ADMIN_DONG_SHP_2023-10-20,D
SEOUL-GANGSEO-BALSAN,11500603,가양1동,,manual_review,SRC-SEOUL-OA-15560,SEOUL_ADMIN_DONG_SHP_2023-10-20,C
SEOUL-GANGSEO-BALSAN,11500615,우장산동,,manual_review,SRC-SEOUL-OA-15560,SEOUL_ADMIN_DONG_SHP_2023-10-20,C
SEOUL-GANGSEO-GIMPOAIRPORT,11500640,방화2동,,manual_review,SRC-SEOUL-OA-15560,SEOUL_ADMIN_DONG_SHP_2023-10-20,C
SEOUL-GANGSEO-GIMPOAIRPORT,11500620,공항동,,manual_review,SRC-SEOUL-OA-15560,SEOUL_ADMIN_DONG_SHP_2023-10-20,C
SEOUL-GANGSEO-HWAGOK,11500590,화곡본동,,manual_review,SRC-SEOUL-OA-15560,SEOUL_ADMIN_DONG_SHP_2023-10-20,C
SEOUL-GANGSEO-HWAGOK,11500540,화곡1동,,manual_review,SRC-SEOUL-OA-15560,SEOUL_ADMIN_DONG_SHP_2023-10-20,C
SEOUL-GANGSEO-HWAGOK,11500615,우장산동,,manual_review,SRC-SEOUL-OA-15560,SEOUL_ADMIN_DONG_SHP_2023-10-20,C
SEOUL-GANGSEO-HWAGOK,11500591,화곡6동,,manual_review,SRC-SEOUL-OA-15560,SEOUL_ADMIN_DONG_SHP_2023-10-20,C
SEOUL-GANGSEO-HWAGOK,11500605,가양3동,,manual_review,SRC-SEOUL-OA-15560,SEOUL_ADMIN_DONG_SHP_2023-10-20,C
SEOUL-GANGSEO-KKACHISAN,11500540,화곡1동,,manual_review,SRC-SEOUL-OA-15560,SEOUL_ADMIN_DONG_SHP_2023-10-20,C
SEOUL-GANGSEO-KKACHISAN,11500593,화곡8동,,manual_review,SRC-SEOUL-OA-15560,SEOUL_ADMIN_DONG_SHP_2023-10-20,C
SEOUL-GANGSEO-DEUNGCHON-YEOMCHANG,11500530,등촌2동,,manual_review,SRC-SEOUL-OA-15560,SEOUL_ADMIN_DONG_SHP_2023-10-20,C
SEOUL-GANGSEO-DEUNGCHON-YEOMCHANG,11500520,등촌1동,,manual_review,SRC-SEOUL-OA-15560,SEOUL_ADMIN_DONG_SHP_2023-10-20,C
SEOUL-GANGSEO-DEUNGCHON-YEOMCHANG,11500510,염창동,,manual_review,SRC-SEOUL-OA-15560,SEOUL_ADMIN_DONG_SHP_2023-10-20,C
SEOUL-GANGSEO-DEUNGCHON-YEOMCHANG,11500535,등촌3동,,manual_review,SRC-SEOUL-OA-15560,SEOUL_ADMIN_DONG_SHP_2023-10-20,D
SEOUL-GANGSEO-BANGHWA,11500640,방화2동,,manual_review,SRC-SEOUL-OA-15560,SEOUL_ADMIN_DONG_SHP_2023-10-20,C
SEOUL-GANGSEO-BANGHWA,11500630,방화1동,,manual_review,SRC-SEOUL-OA-15560,SEOUL_ADMIN_DONG_SHP_2023-10-20,C
SEOUL-GANGSEO-BANGHWA,11500641,방화3동,,manual_review,SRC-SEOUL-OA-15560,SEOUL_ADMIN_DONG_SHP_2023-10-20,C
SEOUL-GURO-GURODIGITAL,11530540,구로3동,,manual_review,SRC-SEOUL-OA-15560,SEOUL_ADMIN_DONG_SHP_2023-10-20,C
SEOUL-GURO-SINDORIM,11530560,구로5동,,manual_review,SRC-SEOUL-OA-15560,SEOUL_ADMIN_DONG_SHP_2023-10-20,C
SEOUL-GURO-GUROSTN,11530550,구로4동,,manual_review,SRC-SEOUL-OA-15560,SEOUL_ADMIN_DONG_SHP_2023-10-20,C
SEOUL-GURO-GUROSTN,11530530,구로2동,,manual_review,SRC-SEOUL-OA-15560,SEOUL_ADMIN_DONG_SHP_2023-10-20,C
SEOUL-GURO-GUROSTN,11530595,가리봉동,,manual_review,SRC-SEOUL-OA-15560,SEOUL_ADMIN_DONG_SHP_2023-10-20,C
SEOUL-GURO-GUROSTN,11530510,신도림동,,manual_review,SRC-SEOUL-OA-15560,SEOUL_ADMIN_DONG_SHP_2023-10-20,D
SEOUL-GURO-GOCHEOK-GAEBONG,11530740,개봉1동,,manual_review,SRC-SEOUL-OA-15560,SEOUL_ADMIN_DONG_SHP_2023-10-20,C
SEOUL-GURO-GOCHEOK-GAEBONG,11530730,고척2동,,manual_review,SRC-SEOUL-OA-15560,SEOUL_ADMIN_DONG_SHP_2023-10-20,C
SEOUL-GURO-GOCHEOK-GAEBONG,11530760,개봉3동,,manual_review,SRC-SEOUL-OA-15560,SEOUL_ADMIN_DONG_SHP_2023-10-20,D
SEOUL-GURO-GOCHEOK-GAEBONG,11530720,고척1동,,manual_review,SRC-SEOUL-OA-15560,SEOUL_ADMIN_DONG_SHP_2023-10-20,D
SEOUL-GURO-ORYU-ONSU,11530770,오류1동,,manual_review,SRC-SEOUL-OA-15560,SEOUL_ADMIN_DONG_SHP_2023-10-20,C
SEOUL-GURO-ORYU-ONSU,11530750,개봉2동,,manual_review,SRC-SEOUL-OA-15560,SEOUL_ADMIN_DONG_SHP_2023-10-20,C
SEOUL-GURO-ORYU-ONSU,11530790,수궁동,,manual_review,SRC-SEOUL-OA-15560,SEOUL_ADMIN_DONG_SHP_2023-10-20,C
SEOUL-GURO-CHEONWANG,11530780,오류2동,,manual_review,SRC-SEOUL-OA-15560,SEOUL_ADMIN_DONG_SHP_2023-10-20,C
SEOUL-GEUMCHEON-GASANDIGITAL,11545510,가산동,,manual_review,SRC-SEOUL-OA-15560,SEOUL_ADMIN_DONG_SHP_2023-10-20,C
SEOUL-GEUMCHEON-DOKSAN,11545610,독산1동,,manual_review,SRC-SEOUL-OA-15560,SEOUL_ADMIN_DONG_SHP_2023-10-20,C
SEOUL-GEUMCHEON-DOKSAN,11545640,독산4동,,manual_review,SRC-SEOUL-OA-15560,SEOUL_ADMIN_DONG_SHP_2023-10-20,C
SEOUL-GEUMCHEON-DOKSAN,11545620,독산2동,,manual_review,SRC-SEOUL-OA-15560,SEOUL_ADMIN_DONG_SHP_2023-10-20,C
SEOUL-GEUMCHEON-SIHEUNG-SAGEORI,11545710,시흥5동,,manual_review,SRC-SEOUL-OA-15560,SEOUL_ADMIN_DONG_SHP_2023-10-20,C
SEOUL-GEUMCHEON-SIHEUNG-SAGEORI,11545670,시흥1동,,manual_review,SRC-SEOUL-OA-15560,SEOUL_ADMIN_DONG_SHP_2023-10-20,C
SEOUL-GEUMCHEON-GEUMCHEONGU-OFFICE,11545670,시흥1동,,manual_review,SRC-SEOUL-OA-15560,SEOUL_ADMIN_DONG_SHP_2023-10-20,C
SEOUL-YEONGDEUNGPO-YEOUIDO,11560540,여의동,,manual_review,SRC-SEOUL-OA-15560,SEOUL_ADMIN_DONG_SHP_2023-10-20,C
SEOUL-YEONGDEUNGPO-YEONGDEUNGPOSTN,11560585,도림동,,manual_review,SRC-SEOUL-OA-15560,SEOUL_ADMIN_DONG_SHP_2023-10-20,C
SEOUL-YEONGDEUNGPO-YEONGDEUNGPOSTN,11560535,영등포동,,manual_review,SRC-SEOUL-OA-15560,SEOUL_ADMIN_DONG_SHP_2023-10-20,C
SEOUL-YEONGDEUNGPO-YEONGDEUNGPOSTN,11560515,영등포본동,,manual_review,SRC-SEOUL-OA-15560,SEOUL_ADMIN_DONG_SHP_2023-10-20,C
SEOUL-YEONGDEUNGPO-YEONGDEUNGPOSTN,11560550,당산1동,,manual_review,SRC-SEOUL-OA-15560,SEOUL_ADMIN_DONG_SHP_2023-10-20,D
SEOUL-YEONGDEUNGPO-MULLAE,11560605,문래동,,manual_review,SRC-SEOUL-OA-15560,SEOUL_ADMIN_DONG_SHP_2023-10-20,C
SEOUL-YEONGDEUNGPO-MULLAE,11560550,당산1동,,manual_review,SRC-SEOUL-OA-15560,SEOUL_ADMIN_DONG_SHP_2023-10-20,C
SEOUL-YEONGDEUNGPO-MULLAE,11560610,양평1동,,manual_review,SRC-SEOUL-OA-15560,SEOUL_ADMIN_DONG_SHP_2023-10-20,D
SEOUL-YEONGDEUNGPO-DANGSAN,11560620,양평2동,,manual_review,SRC-SEOUL-OA-15560,SEOUL_ADMIN_DONG_SHP_2023-10-20,C
SEOUL-YEONGDEUNGPO-DANGSAN,11560560,당산2동,,manual_review,SRC-SEOUL-OA-15560,SEOUL_ADMIN_DONG_SHP_2023-10-20,C
SEOUL-YEONGDEUNGPO-DANGSAN,11560535,영등포동,,manual_review,SRC-SEOUL-OA-15560,SEOUL_ADMIN_DONG_SHP_2023-10-20,D
SEOUL-YEONGDEUNGPO-SEONYUDO-YANGPYEONG,11560620,양평2동,,manual_review,SRC-SEOUL-OA-15560,SEOUL_ADMIN_DONG_SHP_2023-10-20,C
SEOUL-YEONGDEUNGPO-SEONYUDO-YANGPYEONG,11560610,양평1동,,manual_review,SRC-SEOUL-OA-15560,SEOUL_ADMIN_DONG_SHP_2023-10-20,D
SEOUL-YEONGDEUNGPO-SINGIL-DAERIM,11560710,대림2동,,manual_review,SRC-SEOUL-OA-15560,SEOUL_ADMIN_DONG_SHP_2023-10-20,C
SEOUL-YEONGDEUNGPO-SINGIL-DAERIM,11560720,대림3동,,manual_review,SRC-SEOUL-OA-15560,SEOUL_ADMIN_DONG_SHP_2023-10-20,C
SEOUL-YEONGDEUNGPO-SINGIL-DAERIM,11560700,대림1동,,manual_review,SRC-SEOUL-OA-15560,SEOUL_ADMIN_DONG_SHP_2023-10-20,D
SEOUL-YEONGDEUNGPO-SINGIL-DAERIM,11560670,신길5동,,manual_review,SRC-SEOUL-OA-15560,SEOUL_ADMIN_DONG_SHP_2023-10-20,D
SEOUL-YEONGDEUNGPO-YEONGDEUNGPO-MARKET,11560535,영등포동,,manual_review,SRC-SEOUL-OA-15560,SEOUL_ADMIN_DONG_SHP_2023-10-20,C
SEOUL-DONGJAK-SADANG,11590620,사당1동,,manual_review,SRC-SEOUL-OA-15560,SEOUL_ADMIN_DONG_SHP_2023-10-20,C
SEOUL-DONGJAK-SADANG,11590651,사당5동,,manual_review,SRC-SEOUL-OA-15560,SEOUL_ADMIN_DONG_SHP_2023-10-20,D
SEOUL-DONGJAK-SADANG,11590640,사당3동,,manual_review,SRC-SEOUL-OA-15560,SEOUL_ADMIN_DONG_SHP_2023-10-20,D
SEOUL-DONGJAK-SADANG,11590650,사당4동,,manual_review,SRC-SEOUL-OA-15560,SEOUL_ADMIN_DONG_SHP_2023-10-20,D
SEOUL-DONGJAK-ISU,11590630,사당2동,,manual_review,SRC-SEOUL-OA-15560,SEOUL_ADMIN_DONG_SHP_2023-10-20,C
SEOUL-DONGJAK-ISU,11590640,사당3동,,manual_review,SRC-SEOUL-OA-15560,SEOUL_ADMIN_DONG_SHP_2023-10-20,C
SEOUL-DONGJAK-ISU,11590620,사당1동,,manual_review,SRC-SEOUL-OA-15560,SEOUL_ADMIN_DONG_SHP_2023-10-20,C
SEOUL-DONGJAK-NORYANGJIN,11590520,노량진2동,,manual_review,SRC-SEOUL-OA-15560,SEOUL_ADMIN_DONG_SHP_2023-10-20,C
SEOUL-DONGJAK-NORYANGJIN,11590510,노량진1동,,manual_review,SRC-SEOUL-OA-15560,SEOUL_ADMIN_DONG_SHP_2023-10-20,C
SEOUL-DONGJAK-HEUKSEOK,11590605,흑석동,,manual_review,SRC-SEOUL-OA-15560,SEOUL_ADMIN_DONG_SHP_2023-10-20,C
SEOUL-DONGJAK-SANGDO,11590540,상도2동,,manual_review,SRC-SEOUL-OA-15560,SEOUL_ADMIN_DONG_SHP_2023-10-20,C
SEOUL-DONGJAK-SANGDO,11590520,노량진2동,,manual_review,SRC-SEOUL-OA-15560,SEOUL_ADMIN_DONG_SHP_2023-10-20,C
SEOUL-DONGJAK-SANGDO,11590530,상도1동,,manual_review,SRC-SEOUL-OA-15560,SEOUL_ADMIN_DONG_SHP_2023-10-20,C
SEOUL-DONGJAK-SINDAEBANG-BORAMAE,11590680,신대방2동,,manual_review,SRC-SEOUL-OA-15560,SEOUL_ADMIN_DONG_SHP_2023-10-20,C
SEOUL-DONGJAK-SINDAEBANG-BORAMAE,11590660,대방동,,manual_review,SRC-SEOUL-OA-15560,SEOUL_ADMIN_DONG_SHP_2023-10-20,C
SEOUL-DONGJAK-SINDAEBANG-BORAMAE,11590550,상도3동,,manual_review,SRC-SEOUL-OA-15560,SEOUL_ADMIN_DONG_SHP_2023-10-20,C
SEOUL-GWANAK-SILLIM,11620695,신림동,,manual_review,SRC-SEOUL-OA-15560,SEOUL_ADMIN_DONG_SHP_2023-10-20,C
SEOUL-GWANAK-SILLIM,11620645,서원동,,manual_review,SRC-SEOUL-OA-15560,SEOUL_ADMIN_DONG_SHP_2023-10-20,C
SEOUL-GWANAK-SILLIM,11620685,신사동,,manual_review,SRC-SEOUL-OA-15560,SEOUL_ADMIN_DONG_SHP_2023-10-20,D
SEOUL-GWANAK-SILLIM,11620745,삼성동,,manual_review,SRC-SEOUL-OA-15560,SEOUL_ADMIN_DONG_SHP_2023-10-20,D
SEOUL-GWANAK-SILLIM,11620655,신원동,,manual_review,SRC-SEOUL-OA-15560,SEOUL_ADMIN_DONG_SHP_2023-10-20,D
SEOUL-GWANAK-SNU-SHAROSU,11620575,행운동,,manual_review,SRC-SEOUL-OA-15560,SEOUL_ADMIN_DONG_SHP_2023-10-20,C
SEOUL-GWANAK-SNU-SHAROSU,11620595,청룡동,,manual_review,SRC-SEOUL-OA-15560,SEOUL_ADMIN_DONG_SHP_2023-10-20,C
SEOUL-GWANAK-SNU-SHAROSU,11620585,낙성대동,,manual_review,SRC-SEOUL-OA-15560,SEOUL_ADMIN_DONG_SHP_2023-10-20,C
SEOUL-GWANAK-NAKSEONGDAE,11620575,행운동,,manual_review,SRC-SEOUL-OA-15560,SEOUL_ADMIN_DONG_SHP_2023-10-20,C
SEOUL-GWANAK-NAKSEONGDAE,11620625,인헌동,,manual_review,SRC-SEOUL-OA-15560,SEOUL_ADMIN_DONG_SHP_2023-10-20,C
SEOUL-GWANAK-BONGCHEON,11620605,은천동,,manual_review,SRC-SEOUL-OA-15560,SEOUL_ADMIN_DONG_SHP_2023-10-20,C
SEOUL-GWANAK-BONGCHEON,11620595,청룡동,,manual_review,SRC-SEOUL-OA-15560,SEOUL_ADMIN_DONG_SHP_2023-10-20,C
SEOUL-GWANAK-BONGCHEON,11620615,중앙동,,manual_review,SRC-SEOUL-OA-15560,SEOUL_ADMIN_DONG_SHP_2023-10-20,D
SEOUL-GWANAK-DAEHAKDONG-GWANAKSAN,11620575,행운동,,manual_review,SRC-SEOUL-OA-15560,SEOUL_ADMIN_DONG_SHP_2023-10-20,C
SEOUL-GWANAK-DAEHAKDONG-GWANAKSAN,11620595,청룡동,,manual_review,SRC-SEOUL-OA-15560,SEOUL_ADMIN_DONG_SHP_2023-10-20,C
SEOUL-GWANAK-DAEHAKDONG-GWANAKSAN,11620735,대학동,,manual_review,SRC-SEOUL-OA-15560,SEOUL_ADMIN_DONG_SHP_2023-10-20,D
SEOUL-GWANAK-SINDAEBANG-NANGOK,11620725,조원동,,manual_review,SRC-SEOUL-OA-15560,SEOUL_ADMIN_DONG_SHP_2023-10-20,C
SEOUL-GWANAK-SINDAEBANG-NANGOK,11620685,신사동,,manual_review,SRC-SEOUL-OA-15560,SEOUL_ADMIN_DONG_SHP_2023-10-20,C
SEOUL-GWANAK-SINDAEBANG-NANGOK,11620775,난곡동,,manual_review,SRC-SEOUL-OA-15560,SEOUL_ADMIN_DONG_SHP_2023-10-20,D
SEOUL-SEOCHO-GANGNAMSTN-WEST,11650520,서초2동,,manual_review,SRC-SEOUL-OA-15560,SEOUL_ADMIN_DONG_SHP_2023-10-20,C
SEOUL-SEOCHO-GANGNAMSTN-WEST,11650581,반포4동,,manual_review,SRC-SEOUL-OA-15560,SEOUL_ADMIN_DONG_SHP_2023-10-20,D
SEOUL-SEOCHO-GANGNAMSTN-WEST,11650530,서초3동,,manual_review,SRC-SEOUL-OA-15560,SEOUL_ADMIN_DONG_SHP_2023-10-20,D
SEOUL-SEOCHO-GANGNAMSTN-WEST,11650510,서초1동,,manual_review,SRC-SEOUL-OA-15560,SEOUL_ADMIN_DONG_SHP_2023-10-20,D
SEOUL-SEOCHO-GANGNAMSTN-WEST,11650660,내곡동,,manual_review,SRC-SEOUL-OA-15560,SEOUL_ADMIN_DONG_SHP_2023-10-20,D
SEOUL-SEOCHO-GYODAE,11650510,서초1동,,manual_review,SRC-SEOUL-OA-15560,SEOUL_ADMIN_DONG_SHP_2023-10-20,C
SEOUL-SEOCHO-GYODAE,11650610,방배2동,,manual_review,SRC-SEOUL-OA-15560,SEOUL_ADMIN_DONG_SHP_2023-10-20,C
SEOUL-SEOCHO-GYODAE,11650530,서초3동,,manual_review,SRC-SEOUL-OA-15560,SEOUL_ADMIN_DONG_SHP_2023-10-20,D
SEOUL-SEOCHO-SEOCHO,11650530,서초3동,,manual_review,SRC-SEOUL-OA-15560,SEOUL_ADMIN_DONG_SHP_2023-10-20,C
SEOUL-SEOCHO-SEOCHO,11650581,반포4동,,manual_review,SRC-SEOUL-OA-15560,SEOUL_ADMIN_DONG_SHP_2023-10-20,D
SEOUL-SEOCHO-SEOCHO,11650510,서초1동,,manual_review,SRC-SEOUL-OA-15560,SEOUL_ADMIN_DONG_SHP_2023-10-20,D
SEOUL-SEOCHO-SEOCHO,11650660,내곡동,,manual_review,SRC-SEOUL-OA-15560,SEOUL_ADMIN_DONG_SHP_2023-10-20,D
SEOUL-SEOCHO-BANPO-EXPRESSTERMINAL,11650581,반포4동,,manual_review,SRC-SEOUL-OA-15560,SEOUL_ADMIN_DONG_SHP_2023-10-20,C
SEOUL-SEOCHO-BANPO-EXPRESSTERMINAL,11650550,반포본동,,manual_review,SRC-SEOUL-OA-15560,SEOUL_ADMIN_DONG_SHP_2023-10-20,D
SEOUL-SEOCHO-JAMWON,11650540,잠원동,,manual_review,SRC-SEOUL-OA-15560,SEOUL_ADMIN_DONG_SHP_2023-10-20,C
SEOUL-SEOCHO-BANGBAE-SEORAE,11650590,방배본동,,manual_review,SRC-SEOUL-OA-15560,SEOUL_ADMIN_DONG_SHP_2023-10-20,C
SEOUL-SEOCHO-BANGBAE-SEORAE,11650621,방배4동,,manual_review,SRC-SEOUL-OA-15560,SEOUL_ADMIN_DONG_SHP_2023-10-20,C
SEOUL-SEOCHO-BANGBAE-SEORAE,11650600,방배1동,,manual_review,SRC-SEOUL-OA-15560,SEOUL_ADMIN_DONG_SHP_2023-10-20,C
SEOUL-SEOCHO-BANGBAE-SEORAE,11650620,방배3동,,manual_review,SRC-SEOUL-OA-15560,SEOUL_ADMIN_DONG_SHP_2023-10-20,C
SEOUL-SEOCHO-YANGJAE,11650652,양재2동,,manual_review,SRC-SEOUL-OA-15560,SEOUL_ADMIN_DONG_SHP_2023-10-20,C
SEOUL-SEOCHO-YANGJAE,11650651,양재1동,,manual_review,SRC-SEOUL-OA-15560,SEOUL_ADMIN_DONG_SHP_2023-10-20,C
SEOUL-SEOCHO-YANGJAE,11680655,도곡1동,,manual_review,SRC-SEOUL-OA-15560,SEOUL_ADMIN_DONG_SHP_2023-10-20,C
SEOUL-SEOCHO-NAEGOK-CHEONGGYESAN,11650660,내곡동,,manual_review,SRC-SEOUL-OA-15560,SEOUL_ADMIN_DONG_SHP_2023-10-20,C
SEOUL-GANGNAM-GANGNAMSTN,11680580,삼성1동,,manual_review,SRC-SEOUL-OA-15560,SEOUL_ADMIN_DONG_SHP_2023-10-20,D
SEOUL-GANGNAM-GANGNAMSTN,11680531,논현2동,,manual_review,SRC-SEOUL-OA-15560,SEOUL_ADMIN_DONG_SHP_2023-10-20,D
SEOUL-GANGNAM-GANGNAMSTN,11680650,역삼2동,,manual_review,SRC-SEOUL-OA-15560,SEOUL_ADMIN_DONG_SHP_2023-10-20,D
SEOUL-GANGNAM-GANGNAMSTN,11680565,청담동,,manual_review,SRC-SEOUL-OA-15560,SEOUL_ADMIN_DONG_SHP_2023-10-20,D
SEOUL-GANGNAM-GANGNAMSTN,11680590,삼성2동,,manual_review,SRC-SEOUL-OA-15560,SEOUL_ADMIN_DONG_SHP_2023-10-20,D
SEOUL-GANGNAM-GANGNAMSTN,11680700,세곡동,,manual_review,SRC-SEOUL-OA-15560,SEOUL_ADMIN_DONG_SHP_2023-10-20,D
SEOUL-GANGNAM-GANGNAMSTN,11680545,압구정동,,manual_review,SRC-SEOUL-OA-15560,SEOUL_ADMIN_DONG_SHP_2023-10-20,D
SEOUL-GANGNAM-YEOKSAM-TEHERAN,11680640,역삼1동,,manual_review,SRC-SEOUL-OA-15560,SEOUL_ADMIN_DONG_SHP_2023-10-20,C
SEOUL-GANGNAM-SEOLLEUNG,11680630,대치4동,,manual_review,SRC-SEOUL-OA-15560,SEOUL_ADMIN_DONG_SHP_2023-10-20,C
SEOUL-GANGNAM-SEOLLEUNG,11680640,역삼1동,,manual_review,SRC-SEOUL-OA-15560,SEOUL_ADMIN_DONG_SHP_2023-10-20,D
SEOUL-GANGNAM-SEOLLEUNG,11680590,삼성2동,,manual_review,SRC-SEOUL-OA-15560,SEOUL_ADMIN_DONG_SHP_2023-10-20,D
SEOUL-GANGNAM-SAMSUNG-COEX,11680610,대치2동,,manual_review,SRC-SEOUL-OA-15560,SEOUL_ADMIN_DONG_SHP_2023-10-20,C
SEOUL-GANGNAM-SAMSUNG-COEX,11680580,삼성1동,,manual_review,SRC-SEOUL-OA-15560,SEOUL_ADMIN_DONG_SHP_2023-10-20,D
SEOUL-GANGNAM-SAMSUNG-COEX,11680590,삼성2동,,manual_review,SRC-SEOUL-OA-15560,SEOUL_ADMIN_DONG_SHP_2023-10-20,D
SEOUL-GANGNAM-CHEONGDAM,11680565,청담동,,manual_review,SRC-SEOUL-OA-15560,SEOUL_ADMIN_DONG_SHP_2023-10-20,C
SEOUL-GANGNAM-CHEONGDAM,11680580,삼성1동,,manual_review,SRC-SEOUL-OA-15560,SEOUL_ADMIN_DONG_SHP_2023-10-20,D
SEOUL-GANGNAM-APGUJEONG,11680545,압구정동,,manual_review,SRC-SEOUL-OA-15560,SEOUL_ADMIN_DONG_SHP_2023-10-20,C
SEOUL-GANGNAM-APGUJEONG,11680510,신사동,,manual_review,SRC-SEOUL-OA-15560,SEOUL_ADMIN_DONG_SHP_2023-10-20,C
SEOUL-GANGNAM-SINSA-GAROSU,11680510,신사동,,manual_review,SRC-SEOUL-OA-15560,SEOUL_ADMIN_DONG_SHP_2023-10-20,C
SEOUL-GANGNAM-SINSA-GAROSU,11680545,압구정동,,manual_review,SRC-SEOUL-OA-15560,SEOUL_ADMIN_DONG_SHP_2023-10-20,D
SEOUL-GANGNAM-NONHYEON,11680521,논현1동,,manual_review,SRC-SEOUL-OA-15560,SEOUL_ADMIN_DONG_SHP_2023-10-20,C
SEOUL-GANGNAM-NONHYEON,11680531,논현2동,,manual_review,SRC-SEOUL-OA-15560,SEOUL_ADMIN_DONG_SHP_2023-10-20,D
SEOUL-GANGNAM-DAECHI-DOGOK,11680630,대치4동,,manual_review,SRC-SEOUL-OA-15560,SEOUL_ADMIN_DONG_SHP_2023-10-20,C
SEOUL-GANGNAM-DAECHI-DOGOK,11680656,도곡2동,,manual_review,SRC-SEOUL-OA-15560,SEOUL_ADMIN_DONG_SHP_2023-10-20,C
SEOUL-GANGNAM-DAECHI-DOGOK,11680610,대치2동,,manual_review,SRC-SEOUL-OA-15560,SEOUL_ADMIN_DONG_SHP_2023-10-20,D
SEOUL-GANGNAM-DAECHI-DOGOK,11680640,역삼1동,,manual_review,SRC-SEOUL-OA-15560,SEOUL_ADMIN_DONG_SHP_2023-10-20,D
SEOUL-GANGNAM-DAECHI-DOGOK,11680600,대치1동,,manual_review,SRC-SEOUL-OA-15560,SEOUL_ADMIN_DONG_SHP_2023-10-20,D
SEOUL-GANGNAM-SUSEO-SEGOK,11680750,수서동,,manual_review,SRC-SEOUL-OA-15560,SEOUL_ADMIN_DONG_SHP_2023-10-20,C
SEOUL-GANGNAM-SUSEO-SEGOK,11680700,세곡동,,manual_review,SRC-SEOUL-OA-15560,SEOUL_ADMIN_DONG_SHP_2023-10-20,D
SEOUL-SONGPA-JAMSIL,11710710,잠실6동,,manual_review,SRC-SEOUL-OA-15560,SEOUL_ADMIN_DONG_SHP_2023-10-20,C
SEOUL-SONGPA-JAMSIL,11710562,방이2동,,manual_review,SRC-SEOUL-OA-15560,SEOUL_ADMIN_DONG_SHP_2023-10-20,D
SEOUL-SONGPA-JAMSIL,11710690,잠실4동,,manual_review,SRC-SEOUL-OA-15560,SEOUL_ADMIN_DONG_SHP_2023-10-20,D
SEOUL-SONGPA-JAMSIL,11710650,잠실본동,,manual_review,SRC-SEOUL-OA-15560,SEOUL_ADMIN_DONG_SHP_2023-10-20,D
SEOUL-SONGPA-SONGRIDAN,11710580,송파1동,,manual_review,SRC-SEOUL-OA-15560,SEOUL_ADMIN_DONG_SHP_2023-10-20,C
SEOUL-SONGPA-SONGRIDAN,11710600,석촌동,,manual_review,SRC-SEOUL-OA-15560,SEOUL_ADMIN_DONG_SHP_2023-10-20,C
SEOUL-SONGPA-SONGRIDAN,11710562,방이2동,,manual_review,SRC-SEOUL-OA-15560,SEOUL_ADMIN_DONG_SHP_2023-10-20,C
SEOUL-SONGPA-BANGI,11710562,방이2동,,manual_review,SRC-SEOUL-OA-15560,SEOUL_ADMIN_DONG_SHP_2023-10-20,C
SEOUL-SONGPA-BANGI,11710561,방이1동,,manual_review,SRC-SEOUL-OA-15560,SEOUL_ADMIN_DONG_SHP_2023-10-20,D
SEOUL-SONGPA-BANGI,11710620,가락본동,,manual_review,SRC-SEOUL-OA-15560,SEOUL_ADMIN_DONG_SHP_2023-10-20,D
SEOUL-SONGPA-BANGI,11710570,오금동,,manual_review,SRC-SEOUL-OA-15560,SEOUL_ADMIN_DONG_SHP_2023-10-20,D
SEOUL-SONGPA-MUNJEONG,11710641,문정1동,,manual_review,SRC-SEOUL-OA-15560,SEOUL_ADMIN_DONG_SHP_2023-10-20,C
SEOUL-SONGPA-MUNJEONG,11710642,문정2동,,manual_review,SRC-SEOUL-OA-15560,SEOUL_ADMIN_DONG_SHP_2023-10-20,C
SEOUL-SONGPA-MUNJEONG,11710646,장지동,,manual_review,SRC-SEOUL-OA-15560,SEOUL_ADMIN_DONG_SHP_2023-10-20,D
SEOUL-SONGPA-MUNJEONG,11710620,가락본동,,manual_review,SRC-SEOUL-OA-15560,SEOUL_ADMIN_DONG_SHP_2023-10-20,D
SEOUL-SONGPA-GARAKMARKET,11710620,가락본동,,manual_review,SRC-SEOUL-OA-15560,SEOUL_ADMIN_DONG_SHP_2023-10-20,C
SEOUL-SONGPA-GARAKMARKET,11710631,가락1동,,manual_review,SRC-SEOUL-OA-15560,SEOUL_ADMIN_DONG_SHP_2023-10-20,C
SEOUL-SONGPA-SEOKCHON-SAMJEON,11710650,잠실본동,,manual_review,SRC-SEOUL-OA-15560,SEOUL_ADMIN_DONG_SHP_2023-10-20,C
SEOUL-SONGPA-SEOKCHON-SAMJEON,11710610,삼전동,,manual_review,SRC-SEOUL-OA-15560,SEOUL_ADMIN_DONG_SHP_2023-10-20,C
SEOUL-SONGPA-SEOKCHON-SAMJEON,11710600,석촌동,,manual_review,SRC-SEOUL-OA-15560,SEOUL_ADMIN_DONG_SHP_2023-10-20,C
SEOUL-SONGPA-SEOKCHON-SAMJEON,11710580,송파1동,,manual_review,SRC-SEOUL-OA-15560,SEOUL_ADMIN_DONG_SHP_2023-10-20,C
SEOUL-SONGPA-OLYMPICPARK,11710562,방이2동,,manual_review,SRC-SEOUL-OA-15560,SEOUL_ADMIN_DONG_SHP_2023-10-20,C
SEOUL-SONGPA-WIRYE-SONGPA,11710600,석촌동,,manual_review,SRC-SEOUL-OA-15560,SEOUL_ADMIN_DONG_SHP_2023-10-20,D
SEOUL-SONGPA-WIRYE-SONGPA,11710580,송파1동,,manual_review,SRC-SEOUL-OA-15560,SEOUL_ADMIN_DONG_SHP_2023-10-20,D
SEOUL-SONGPA-WIRYE-SONGPA,11710562,방이2동,,manual_review,SRC-SEOUL-OA-15560,SEOUL_ADMIN_DONG_SHP_2023-10-20,D
SEOUL-SONGPA-WIRYE-SONGPA,11710590,송파2동,,manual_review,SRC-SEOUL-OA-15560,SEOUL_ADMIN_DONG_SHP_2023-10-20,D
SEOUL-SONGPA-WIRYE-SONGPA,11710646,장지동,,manual_review,SRC-SEOUL-OA-15560,SEOUL_ADMIN_DONG_SHP_2023-10-20,D
SEOUL-SONGPA-WIRYE-SONGPA,11710570,오금동,,manual_review,SRC-SEOUL-OA-15560,SEOUL_ADMIN_DONG_SHP_2023-10-20,D
SEOUL-SONGPA-GEOYEO-MACHEON,11710550,마천2동,,manual_review,SRC-SEOUL-OA-15560,SEOUL_ADMIN_DONG_SHP_2023-10-20,C
SEOUL-SONGPA-GEOYEO-MACHEON,11710531,거여1동,,manual_review,SRC-SEOUL-OA-15560,SEOUL_ADMIN_DONG_SHP_2023-10-20,C
SEOUL-SONGPA-GEOYEO-MACHEON,11710532,거여2동,,manual_review,SRC-SEOUL-OA-15560,SEOUL_ADMIN_DONG_SHP_2023-10-20,C
SEOUL-SONGPA-GEOYEO-MACHEON,11710570,오금동,,manual_review,SRC-SEOUL-OA-15560,SEOUL_ADMIN_DONG_SHP_2023-10-20,D
SEOUL-SONGPA-GEOYEO-MACHEON,11710540,마천1동,,manual_review,SRC-SEOUL-OA-15560,SEOUL_ADMIN_DONG_SHP_2023-10-20,D
SEOUL-GANGDONG-CHEONHO,11740610,천호2동,,manual_review,SRC-SEOUL-OA-15560,SEOUL_ADMIN_DONG_SHP_2023-10-20,C
SEOUL-GANGDONG-CHEONHO,11740650,성내2동,,manual_review,SRC-SEOUL-OA-15560,SEOUL_ADMIN_DONG_SHP_2023-10-20,C
SEOUL-GANGDONG-CHEONHO,11740620,천호3동,,manual_review,SRC-SEOUL-OA-15560,SEOUL_ADMIN_DONG_SHP_2023-10-20,D
SEOUL-GANGDONG-GANGDONG-GILDONG,11740685,길동,,manual_review,SRC-SEOUL-OA-15560,SEOUL_ADMIN_DONG_SHP_2023-10-20,C
SEOUL-GANGDONG-GANGDONG-GILDONG,11740650,성내2동,,manual_review,SRC-SEOUL-OA-15560,SEOUL_ADMIN_DONG_SHP_2023-10-20,C
SEOUL-GANGDONG-GANGDONG-GILDONG,11740640,성내1동,,manual_review,SRC-SEOUL-OA-15560,SEOUL_ADMIN_DONG_SHP_2023-10-20,D
SEOUL-GANGDONG-GANGDONG-GILDONG,11740610,천호2동,,manual_review,SRC-SEOUL-OA-15560,SEOUL_ADMIN_DONG_SHP_2023-10-20,D
SEOUL-GANGDONG-GANGDONG-GILDONG,11740620,천호3동,,manual_review,SRC-SEOUL-OA-15560,SEOUL_ADMIN_DONG_SHP_2023-10-20,D
SEOUL-GANGDONG-GANGDONG-GILDONG,11740660,성내3동,,manual_review,SRC-SEOUL-OA-15560,SEOUL_ADMIN_DONG_SHP_2023-10-20,D
SEOUL-GANGDONG-AMSA,11740570,암사1동,,manual_review,SRC-SEOUL-OA-15560,SEOUL_ADMIN_DONG_SHP_2023-10-20,C
SEOUL-GANGDONG-AMSA,11740610,천호2동,,manual_review,SRC-SEOUL-OA-15560,SEOUL_ADMIN_DONG_SHP_2023-10-20,C
SEOUL-GANGDONG-AMSA,11740580,암사2동,,manual_review,SRC-SEOUL-OA-15560,SEOUL_ADMIN_DONG_SHP_2023-10-20,C
SEOUL-GANGDONG-GODEOK-SANGIL,11740550,고덕1동,,manual_review,SRC-SEOUL-OA-15560,SEOUL_ADMIN_DONG_SHP_2023-10-20,C
SEOUL-GANGDONG-GODEOK-SANGIL,11740540,명일2동,,manual_review,SRC-SEOUL-OA-15560,SEOUL_ADMIN_DONG_SHP_2023-10-20,C
SEOUL-GANGDONG-GODEOK-SANGIL,11740580,암사2동,,manual_review,SRC-SEOUL-OA-15560,SEOUL_ADMIN_DONG_SHP_2023-10-20,D
SEOUL-GANGDONG-GODEOK-SANGIL,11740620,천호3동,,manual_review,SRC-SEOUL-OA-15560,SEOUL_ADMIN_DONG_SHP_2023-10-20,D
SEOUL-GANGDONG-GODEOK-SANGIL,11740570,암사1동,,manual_review,SRC-SEOUL-OA-15560,SEOUL_ADMIN_DONG_SHP_2023-10-20,D
SEOUL-GANGDONG-GODEOK-SANGIL,11740700,둔촌2동,,manual_review,SRC-SEOUL-OA-15560,SEOUL_ADMIN_DONG_SHP_2023-10-20,D
SEOUL-GANGDONG-GODEOK-SANGIL,11740685,길동,,manual_review,SRC-SEOUL-OA-15560,SEOUL_ADMIN_DONG_SHP_2023-10-20,D
SEOUL-GANGDONG-DUNCHON,11740660,성내3동,,manual_review,SRC-SEOUL-OA-15560,SEOUL_ADMIN_DONG_SHP_2023-10-20,C
SEOUL-GANGDONG-DUNCHON,11740700,둔촌2동,,manual_review,SRC-SEOUL-OA-15560,SEOUL_ADMIN_DONG_SHP_2023-10-20,C
SEOUL-GANGDONG-MYEONGIL,11740570,암사1동,,manual_review,SRC-SEOUL-OA-15560,SEOUL_ADMIN_DONG_SHP_2023-10-20,C
SEOUL-GANGDONG-MYEONGIL,11740530,명일1동,,manual_review,SRC-SEOUL-OA-15560,SEOUL_ADMIN_DONG_SHP_2023-10-20,C
